title,publication_date,isbn,genre,rating,author_id,publisher_id,translator_id
Назначить свежий тесно.,1991-03-26,4528760047014,Science,4.8,804,106,904
Мусор прощение витрина.,1973-07-04,7181326760013,Science,2.3,802,378,551
Грустный посидеть адвокат ломать сбросить.,1975-10-12,3937183304933,History,0.2,541,320,314
Кузнец вперед задрать.,1991-09-05,1727323891880,History,1.3,193,984,501
Горький карман грустный горький тусклый поймать некоторый товар.,2013-05-14,9081982056675,History,4.3,599,661,352
Командующий рай пламя бочок бок добиться ведь.,2005-12-03,7691478363941,Biography,1.5,442,450,826
Вчера табак.,2002-04-09,1918518578084,Biography,0.9,121,45,986
Настать картинка.,1996-09-04,7266993702016,Science,3.8,786,704,408
Материя анализ куча.,1959-06-01,8986780685246,Biography,2.2,250,7,301
Ягода слишком задрать.,2003-10-31,3094053002348,Fiction,1.0,814,458,148
Хлеб назначить посидеть волк юный бок холодно.,2001-10-25,2664483860688,Fiction,1.6,582,221,926
Роскошный премьера растеряться пересечь выгнать фонарик.,2024-05-21,3027291185802,Fiction,0.4,742,506,53
Сверкать что исполнять неожиданно выраженный.,1968-12-11,7729676088231,Biography,1.6,599,129,782
Смертельный грудь подземный человечек солнце.,1975-07-28,1334534872384,Non-fiction,0.9,504,784,493
Зеленый дыхание написать домашний бригада костер призыв следовательно.,1976-01-01,7310053510867,Non-fiction,0.3,594,883,275
Рассуждение возникновение пространство полностью зато вряд термин изменение бочок.,2002-01-20,5343361019778,Fiction,3.7,316,219,102
Природа более мучительно лапа наткнуться факультет.,2014-03-03,7156781168890,Fiction,3.6,515,627,442
Собеседник носок вывести упор.,1991-07-22,9885150338089,Biography,3.0,953,146,564
Другой возмутиться пропасть.,1983-08-29,3596618598775,History,0.3,42,829,512
Низкий выражение прошептать фонарик рота смеяться граница.,1971-04-09,4646048468128,Non-fiction,4.6,530,64,273
Новый интеллектуальный инструкция ярко.,1998-01-03,8731793308230,Fiction,3.6,680,415,133
О горький голубчик ход трубка бегать лиловый монета.,1999-08-08,3045398317778,Non-fiction,2.3,761,122,315
Горький налево.,1975-04-22,3254448204937,Biography,4.3,518,922,541
Спасть голубчик миллиард.,1999-05-16,2972297214390,Fiction,0.5,885,357,439
Понятный потянуться цепочка горький.,1975-11-27,5957831816341,Fiction,1.1,533,595,315
Постоянный лиловый столетие налоговый находить нож.,2016-08-24,2624783106248,History,3.5,911,604,562
Интеллектуальный выдержать покидать тусклый спорт карандаш умолять премьера.,2014-06-26,5382793297211,Non-fiction,3.6,475,915,926
Хозяйка за другой увеличиваться товар пятеро дружно один очередной.,1998-06-11,1357030825462,History,4.0,165,237,443
Инвалид инвалид дальний затянуться инструкция.,1984-03-02,5550730352252,Non-fiction,0.2,211,57,705
Выкинуть рот провинция.,2000-08-12,6069183046887,History,1.4,968,628,967
Полностью рай тюрьма рис головка точно солнце.,1989-10-10,2159082969237,Fiction,1.5,613,356,596
Штаб присесть четыре рот.,2007-10-15,2564542983793,Non-fiction,2.7,873,771,969
Беспомощный термин неправда указанный четко каюта картинка помолчать налоговый.,1964-06-05,5488342095755,Fiction,0.1,554,460,700
Банк миллиард горький дрогнуть.,1978-10-12,7623915397103,Biography,4.6,675,537,824
Подробность подземный ребятишки.,1984-09-04,8740721563230,History,3.6,502,152,962
Трубка вчера провинция.,2005-12-18,9518594398292,Biography,0.7,44,731,364
Мгновение бровь команда.,1987-07-01,3456836955727,History,2.3,320,733,65
Провинция команда пространство а.,2003-09-23,7201494063826,Science,0.6,253,185,709
Отъезд мучительно прежде сынок факультет.,2010-01-23,7618136662038,History,0.2,119,274,395
Мелочь при приятель неправда направо засунуть деньги сутки.,1994-02-26,1413856101165,Biography,2.7,16,622,191
Пастух намерение мягкий жить тревога заведение.,2003-05-21,2572800591335,Biography,4.1,301,657,314
Порядок каюта покидать кольцо.,1973-08-07,7993710941587,History,3.7,124,681,113
Налево протягивать неудобно металл район.,1994-06-11,9313040955148,Science,4.7,351,64,566
Терапия куча кожа актриса результат.,1961-06-17,1051763461101,History,0.5,218,874,131
Выбирать да результат разнообразный устройство.,1989-08-05,2727038972489,History,0.5,651,107,777
Налево.,1969-01-05,9476003611410,Non-fiction,4.8,731,50,316
Изредка равнодушный светило скользить.,2017-10-29,3997813541440,Non-fiction,1.9,357,243,908
Новый рис что означать анализ банк научить невыносимый невыносимый.,1955-04-07,4579988242101,History,1.9,759,841,676
Что достоинство приятель белье манера нож.,2018-08-06,8204552224522,Fiction,3.6,847,676,483
Встать отъезд.,1971-05-02,9684391543827,Science,4.3,929,309,541
Налево секунда салон спичка хлеб горький.,2010-04-02,5729646938865,Biography,4.5,636,588,787
Лететь жестокий.,2023-03-06,7910040330267,Science,1.4,253,154,19
Дыхание остановить спешить сынок равнодушный изба функция помолчать падаль рассуждение.,1973-03-29,6205633347227,Fiction,2.6,49,493,246
Вряд ведь решетка изменение мера грудь.,1989-10-25,3783666806078,History,1.8,428,46,481
Сравнение райком триста дыхание белье.,2013-10-27,5871236680201,Science,0.1,704,943,697
Поговорить непривычный выразить темнеть уточнить аллея дорогой.,2020-02-17,2977441838275,Non-fiction,3.3,45,610,3
Функция дорогой иной каюта бетонный жидкий.,2015-04-01,7382533685716,Non-fiction,4.6,116,731,252
Прежний уронить отражение услать мелькнуть.,2009-11-12,2677477366178,Biography,4.6,651,853,316
Забирать факультет премьера торопливый около неожиданный.,1967-07-14,8295527287360,History,0.8,351,580,471
Коричневый сравнение ломать терапия.,1981-10-24,5201194447437,Science,3.6,344,439,892
Ведь важный.,2016-05-16,7120752709456,Non-fiction,1.7,775,774,499
Интеллектуальный ленинград редактор мгновение встать конструкция.,1996-12-17,6766629252375,Science,2.1,648,154,974
Коричневый подземный торговля четыре товар невозможно болото упор помимо.,2011-07-12,4348076908772,Science,2.4,599,652,675
Табак приятель интернет табак.,1963-04-01,8257486334894,History,4.0,915,233,771
Возбуждение бабочка нервно забирать песня.,2017-10-12,1251571695301,Science,3.3,316,257,740
Что за деньги отъезд пастух.,2019-04-16,6604489330445,Fiction,1.6,774,740,295
Растеряться плод радость угодный недостаток тута.,2012-10-03,3378266499213,History,3.2,24,271,313
Эпоха забирать запретить.,1993-07-13,3300760686846,History,2.0,989,798,667
Темнеть бок.,1967-03-11,8351278410501,Science,0.5,770,611,753
Плод художественный процесс.,1991-10-17,3063133564876,Fiction,3.1,300,921,818
Непривычный опасность провинция сбросить очутиться сынок.,1953-12-29,4277734613895,History,0.1,509,364,740
Домашний очутиться потянуться танцевать пастух карман эпоха кожа прежний.,2021-12-05,1891974900351,Biography,1.4,365,672,256
Салон нож волк вздрогнуть уничтожение пастух пробовать страсть художественный человечек.,1977-11-08,8485321910373,Non-fiction,5.0,912,384,419
Покидать вообще тревога медицина направо наслаждение дрогнуть провинция.,1961-10-03,6440414255909,Science,4.4,760,774,957
Картинка палата засунуть плод сынок.,2014-03-31,7959785591685,Non-fiction,0.2,97,541,844
Бок выбирать доставать мусор.,1987-10-08,3319341266304,Fiction,3.0,619,345,517
Иной порог порт ученый голубчик деловой девка выбирать.,1958-12-17,7600466651412,Science,1.7,820,260,974
Роса число протягивать.,2016-10-22,1390600860226,Non-fiction,4.6,747,470,987
Эпоха салон пропасть невозможно помимо волк боец.,2012-02-23,9231198252895,Fiction,4.5,422,836,633
Волк соответствие металл.,1963-03-30,7403638407930,Biography,0.7,245,40,145
За пространство.,2023-01-29,2878544949628,Fiction,3.5,231,746,837
Наткнуться бочок вывести самостоятельно девка фонарик изменение.,1971-03-05,2113983723517,History,2.9,573,391,88
Лететь передо забирать написать следовательно иной.,1971-02-28,2326744938891,Science,3.0,816,498,75
Засунуть командир хотеть секунда войти столетие крутой вздрогнуть.,1992-09-28,9825090688879,Non-fiction,0.9,174,929,999
Слишком торговля очередной спасть природа мотоцикл секунда бочок.,1996-01-04,5944577053519,Science,3.9,753,55,102
Приятель пересечь равнодушный отражение.,1985-08-15,5212500425347,Non-fiction,3.9,791,445,335
Танцевать один иной ярко приходить салон ученый пространство.,1999-05-01,2740251567615,Non-fiction,2.0,138,939,553
Тревога бак налево шлем поздравлять табак подробность вздрагивать при господь.,2021-07-20,4875930044770,History,4.9,468,976,560
Голубчик.,1999-05-26,6445609340672,Biography,5.0,717,881,53
Рай настать сравнение тесно один.,1966-07-06,2390617678746,Fiction,0.6,553,441,693
Витрина засунуть прежде материя ведь тяжелый карман рис свежий заработать.,2015-03-19,4077156635642,Non-fiction,2.5,972,26,223
Тысяча ленинград картинка.,1967-04-06,2463619494412,Non-fiction,0.1,538,322,824
Граница коммунизм карандаш идея господь заплакать.,1987-07-12,5615889556059,Biography,2.2,123,866,21
Пасть металл необычный уронить поколение головка научить войти.,1958-06-15,3794766473431,Biography,0.2,497,771,712
Князь изредка блин опасность коричневый тревога точно ботинок.,2001-12-17,5534960693140,Non-fiction,2.4,844,927,539
Еврейский намерение собеседник спичка.,1969-11-22,7117427924715,History,0.9,802,572,465
Устройство ведь поздравлять танцевать труп дурацкий чувство.,1975-04-25,2062557401814,Non-fiction,3.1,80,506,5
Пища следовательно очутиться пространство миллиард бочок.,2004-12-10,9298429990367,Biography,2.8,427,421,340
Ручей куча запустить валюта возмутиться задержать.,1966-01-21,9219057086965,History,4.3,999,219,744
Пропадать космос госпожа.,1968-08-19,8107756143733,Non-fiction,1.9,335,627,365
Сынок космос военный.,2021-02-11,1840989976887,Science,1.8,330,72,702
Направо командование кузнец заплакать домашний.,1991-06-14,8494052599265,Fiction,2.2,602,443,503
Появление пропадать.,2016-09-22,1701130240265,Fiction,1.8,709,144,90
Проход отметить металл коллектив.,1957-08-08,2504143514556,History,2.0,847,239,522
Трясти носок наслаждение цвет.,2020-01-17,1403173074954,Biography,0.2,309,258,871
Горький функция рассуждение засунуть.,1981-06-24,6919530392968,Biography,1.9,789,594,119
Освободить самостоятельно применяться появление.,1959-05-16,2727883639975,Non-fiction,3.9,152,799,646
Поставить анализ совещание.,2008-11-01,3329894534830,Non-fiction,1.1,851,574,658
Анализ левый обида.,2011-07-22,4848225488061,Biography,1.3,412,604,859
Тревога передо тесно.,2007-09-17,5087618354635,History,3.8,949,25,840
Плод коммунизм космос назначить.,2018-02-19,7677184297887,History,0.6,169,711,365
Чувство полюбить ведь ремень.,1954-08-14,6807291574074,Science,2.4,624,636,323
Мальчишка посидеть деньги решение изменение.,1989-08-16,7799739465259,Non-fiction,0.0,507,550,894
Равнодушный виднеться исследование приятель кидать интернет.,1980-02-06,1415951869269,Biography,2.2,83,260,762
Мальчишка ребятишки перебивать возможно.,1968-11-17,8555318186370,History,3.6,39,67,295
Спешить какой умолять.,1971-08-23,2402358099269,Biography,4.2,876,512,660
Ученый песня носок.,1999-10-15,5612640955221,Biography,2.0,327,950,438
Отдел витрина дыхание важный бригада.,1955-02-28,1455183344167,History,1.3,764,637,568
Потом стакан светило низкий бак услать интернет рота банда.,2000-03-30,3960891570020,Fiction,1.4,713,59,313
Триста пища райком строительство.,1985-06-10,9527179565486,Fiction,0.3,760,377,395
Сынок оставить скрытый пламя.,1985-10-09,1067908163728,Biography,0.4,111,309,7
Остановить картинка.,2022-08-09,1322445005210,Science,3.2,186,204,308
Набор солнце слишком уточнить сынок важный похороны славный.,1988-08-14,6129207010715,Non-fiction,4.0,469,657,120
Болото лететь жить нож правление.,1975-01-01,7304100743070,Biography,4.6,952,139,290
Собеседник хотеть неожиданный торопливый ремень изображать девка засунуть возмутиться песенка.,1990-04-17,1064924192500,Biography,3.4,672,539,767
Возникновение число неправда.,1960-02-16,2929819585986,Fiction,3.6,873,753,413
Вскакивать через.,1968-07-13,2099678374737,History,2.9,417,433,124
Эпоха тусклый второй.,1998-06-07,6038397624699,Non-fiction,2.4,805,624,692
Рай штаб войти сравнение.,2004-06-09,3375739306120,Fiction,3.2,891,324,492
Очередной единый пропаганда парень ломать процесс порт.,1982-02-27,9926582549680,Science,4.8,301,929,723
Легко прошептать.,1971-03-19,9709844991845,History,0.9,818,724,654
Число материя болото иной дальний.,2018-10-30,7357578010295,Science,3.8,887,346,71
Термин солнце рабочий рота умирать.,1960-09-16,5257771041009,History,2.2,23,368,369
Скользить услать промолчать очко интернет.,2024-02-15,2242443592669,Non-fiction,0.7,720,236,777
Спорт возмутиться.,1969-04-30,5233799180148,History,1.7,354,429,764
Число чувство сходить провал руководитель зеленый сходить пастух.,1967-05-01,7215982107584,Science,4.8,358,701,128
Зачем более выраженный господь висеть экзамен.,1977-12-08,9247893913388,History,2.6,816,456,421
Угодный растеряться пища ярко коллектив.,2001-04-23,3646859926181,Fiction,4.0,150,985,398
Коробка дорогой.,2023-11-28,9425636788003,History,2.7,805,571,162
Плод господь валюта ныне июнь очко растеряться.,1996-07-04,2990199410789,Biography,3.4,420,917,351
Монета мимо задрать картинка падаль.,2010-04-19,6537579895203,Fiction,3.1,540,428,333
Выбирать армейский.,1979-11-02,8816504105391,Fiction,2.0,534,122,724
Цель проход.,1983-10-31,3048649528399,Fiction,3.8,442,989,6
Карандаш выраженный.,2011-12-22,2240522182093,Fiction,4.9,44,137,595
Рис пропасть увеличиваться грустный сустав плод.,2010-04-08,7171385079736,Science,1.8,418,922,379
Невыносимый разуметься функция.,2004-06-23,7849349012575,History,0.8,71,849,148
Рот природа лететь конструкция лиловый дрогнуть скользить.,1988-12-23,7058890447832,Non-fiction,3.7,125,329,851
Парень инфекция выраженный командующий отметить печатать гулять карман.,2000-06-20,2315253975577,History,2.4,560,480,94
Изредка монета пропасть легко.,2007-08-01,7828915473654,History,2.4,821,907,747
Господь.,2010-01-17,7502007118939,Non-fiction,4.0,239,679,39
Очко руководитель решение адвокат.,1992-08-19,4693956112430,Biography,1.3,457,973,1
Равнодушный миф тревога тысяча витрина остановить ботинок войти привлекать сверкать.,1979-01-26,6233339159834,History,1.2,281,320,770
Трубка ленинград сравнение порода инвалид лиловый.,2014-08-31,9468362221424,Fiction,0.5,324,252,458
Виднеться секунда одиннадцать витрина плод единый спорт совет.,1988-11-28,6894469200561,Biography,1.4,541,306,96
Шлем полюбить штаб применяться упорно.,2023-07-20,9429505402388,Biography,1.7,103,626,964
Привлекать полюбить хлеб крутой манера исследование сустав заработать скользить.,1985-11-02,6352898129819,Fiction,1.5,97,874,777
Мимо хозяйка.,1967-07-05,8014895540280,Biography,4.8,994,352,696
Палец приличный руководитель.,1985-05-07,6829406217473,Non-fiction,2.6,43,105,663
Банда неудобно порядок армейский провал совещание вытаскивать.,1973-10-03,6310997455166,Science,2.3,239,559,355
Построить приходить остановить еврейский выражаться.,1995-04-22,7543828612340,Fiction,1.7,693,398,390
Задрать парень вряд растеряться зарплата сравнение человечек выраженный набор командир.,1975-12-02,9483902529735,Non-fiction,1.3,52,221,49
Заработать зима.,1987-03-19,9322877074645,Science,2.5,797,756,525
Дремать передо падаль.,2009-02-12,5565787575937,Science,2.2,576,913,295
Академик теория коммунизм.,1961-01-16,7309104061375,Fiction,1.9,781,771,914
Анализ рабочий.,1994-12-19,7930549730132,Non-fiction,3.1,817,446,363
Хозяйка запретить пространство.,1987-07-28,8888303430784,Non-fiction,1.3,904,456,427
Сходить конференция появление монета новый неожиданно.,1974-04-12,1590752441878,Fiction,3.3,825,945,988
Интернет славный привлекать коробка коричневый.,2003-04-05,7131995117238,History,2.0,99,274,605
Выгнать термин крутой важный видимо.,1987-09-10,8264367429843,Non-fiction,3.7,717,470,245
Возбуждение советовать указанный социалистический один порт цель вообще.,1992-04-14,5433374067756,History,2.6,903,14,27
Мгновение дремать.,2006-03-02,8472466970325,Fiction,1.9,543,608,541
Свежий инвалид дошлый интернет отдел отдел решетка близко.,2024-05-13,6646508858500,Non-fiction,1.6,764,476,386
Написать скрытый приходить пятеро процесс оборот коричневый.,1978-06-03,3068704505218,Fiction,4.6,447,433,809
Табак грудь.,2022-05-10,6810703949335,Biography,2.4,186,535,681
Деловой конструкция другой.,1961-05-04,8021732914666,Biography,4.1,291,534,371
Головка зачем применяться задрать выраженный функция.,2013-07-03,6123426859984,Science,1.6,585,89,230
Постоянный видимо витрина возникновение.,2015-03-31,6704954106879,Science,2.5,797,274,834
Сопровождаться рассуждение.,2019-05-29,4002040156733,Science,4.5,846,574,689
Приходить поставить около успокоиться равнодушный.,2016-06-30,8585494305092,Biography,4.1,774,476,11
Блин набор порог.,1971-09-21,3175326492200,Fiction,2.7,906,882,883
Народ возмутиться витрина уничтожение.,2020-09-16,4117483886727,Science,1.0,775,138,161
Бочок бочок приятель горький славный задрать очко счастье.,1963-07-17,1857269670084,History,4.5,977,891,997
Ремень решетка торопливый.,1958-04-28,4341953023494,Non-fiction,2.4,42,759,458
Степь господь решение.,2010-07-20,3238164862084,Science,1.1,146,866,244
Снимать ложиться палец вообще песенка.,1963-08-10,8134776504916,Biography,0.9,806,783,759
Некоторый монета успокоиться.,1990-09-15,7361629193598,Fiction,0.5,771,100,184
Мотоцикл тюрьма вообще нажать зеленый поколение нож отъезд советовать.,1963-07-15,4301192230118,Fiction,3.2,241,168,741
Издали потрясти отражение встать легко.,1980-08-19,7191809718041,History,1.3,689,665,876
Наступать блин поезд штаб одиннадцать цепочка цвет деньги.,1989-08-23,1311561757902,Science,2.6,68,983,496
Металл хозяйка банда присесть штаб жить очутиться поколение спичка.,2017-03-20,4497218900312,Biography,0.1,362,736,124
Четыре полностью актриса степь расстегнуть провал.,2024-04-05,8995297451827,Fiction,3.0,260,430,869
Возникновение желание невыносимый.,2008-08-05,3695494537855,Non-fiction,0.1,277,749,899
Хотеть горький сохранять манера карандаш.,1998-08-24,2483980368339,History,0.5,271,672,395
Спалить пространство коробка.,2020-01-27,7493777333581,Science,0.9,437,610,366
Выбирать возникновение трубка конструкция потрясти задрать цепочка мучительно приличный ставить военный.,2012-11-23,8312641725157,Science,2.2,507,978,769
Четко лапа банда изменение.,2000-10-29,6592879347563,History,4.3,273,840,660
Командир возбуждение исследование задрать торговля ставить смелый.,1995-05-29,5440002396998,History,0.3,888,594,331
Мимо карман.,2007-11-30,9899579765960,Non-fiction,2.9,933,229,679
Карандаш провал танцевать.,2010-01-04,9273718014658,Science,1.1,913,265,253
Одиннадцать экзамен совещание.,1957-06-14,7108693014995,Non-fiction,0.8,72,700,752
Даль задрать шлем сустав указанный ученый способ.,2021-12-08,5377915662819,Fiction,4.6,693,838,407
Пробовать ход тесно вообще задержать витрина.,2019-01-15,9370706753605,Non-fiction,2.0,98,989,347
Растеряться провал аллея ныне.,2004-09-12,8532388097021,Non-fiction,2.8,637,951,607
Похороны аж дурацкий.,2001-10-31,6108352393151,History,1.9,574,663,667
Военный бочок юный стакан конструкция.,1984-12-27,5728445348281,History,4.6,279,752,304
Цель ребятишки отражение необычный оставить ведь магазин.,1974-09-22,3880512063535,Fiction,2.8,481,574,817
Легко спасть князь ведь.,1977-07-18,5691671813223,Biography,2.9,643,300,457
Носок палка банк возможно.,1968-03-12,5997970047221,Fiction,2.9,867,722,569
Снимать потом зеленый собеседник порог.,1973-02-22,3655080760427,History,4.8,241,63,978
Мальчишка ставить бегать.,2020-12-08,1863003035802,Fiction,1.4,390,797,602
Отражение более.,1990-06-14,5775637401720,Non-fiction,3.4,428,713,136
Торговля костер палец.,1974-04-25,7015657185889,Fiction,2.6,201,417,238
Виднеться хозяйка поколение промолчать.,1991-09-27,8381848146851,History,2.5,330,325,424
Вытаскивать парень сомнительный пламя пространство жить промолчать.,1965-05-11,9266663056389,Non-fiction,2.2,772,163,958
Валюта видимо инвалид.,2021-09-13,6930089805632,Biography,4.6,954,783,487
Рот приятель.,2004-11-30,4997926467433,Biography,1.1,191,618,33
Бригада ответить забирать степь бак изменение дальний.,1954-09-25,3248896453675,Biography,2.6,915,320,655
Монета темнеть.,1964-02-15,6872971635998,Biography,3.3,198,426,480
Факультет художественный налоговый развитый плясать полюбить приятель похороны.,1976-01-19,3894055298878,Non-fiction,3.5,257,444,823
Войти упорно поезд дорогой отъезд.,1996-03-03,4972962659678,Fiction,4.1,307,36,787
Один основание подробность коробка поезд отметить редактор.,1962-06-11,4236118715364,Non-fiction,1.1,564,22,505
Коммунизм триста соответствие собеседник.,1961-02-01,3083224055102,History,0.2,135,25,636
Передо изменение предоставить палка.,2023-09-05,6112523905780,History,3.5,7,427,213
Провал разуметься.,2002-11-01,4624940227440,History,3.3,9,130,370
Советовать приятель порядок цель танцевать единый салон.,2018-05-28,9993525196846,Non-fiction,0.5,494,496,8
Коллектив пропадать человечек.,1963-01-09,8658639975318,Non-fiction,0.3,716,793,319
Костер выдержать нервно расстройство.,1981-08-09,9112566422564,Non-fiction,3.6,866,805,160
Ход угодный услать а поезд художественный головной сынок.,1986-08-20,4282782720678,Non-fiction,4.0,215,761,206
Дрогнуть господь экзамен.,1979-09-01,7516049551237,History,2.8,606,799,685
Академик спасть белье пропадать тревога задрать славный сравнение.,1996-11-07,3160498365158,Non-fiction,0.4,29,245,210
Тревога художественный тута выкинуть промолчать зачем четко дорогой.,1978-11-22,3577168425453,Non-fiction,3.5,18,528,191
Пробовать процесс что горький мусор.,1968-03-05,1530975870559,Non-fiction,0.2,381,646,724
Виднеться вскинуть трясти прощение приятель научить миллиард запустить тута.,1995-08-17,8398082537562,Fiction,0.9,618,736,935
Выдержать чем мальчишка.,2003-10-22,9222907584751,History,3.2,225,24,755
Дорогой ход что неправда.,2011-09-16,6890914336314,Non-fiction,1.2,997,718,95
Растеряться беспомощный интернет совет.,1982-12-27,7594831529436,Biography,3.4,147,878,835
Белье сверкать собеседник костер.,1963-08-16,7794997597922,Biography,4.8,543,6,368
Плавно полюбить пасть.,1976-03-29,7548194675920,History,2.1,609,517,805
Свежий помимо шлем.,1976-01-26,6183113727084,Science,3.6,132,247,897
Пространство единый изменение картинка снимать.,2014-10-13,9685029775857,Non-fiction,4.9,464,750,908
Изменение художественный пятеро степь добиться.,1977-01-15,7533813954490,Science,0.5,391,594,803
Дорогой смеяться факультет деловой труп носок.,2002-08-31,3449219968102,Fiction,1.9,886,907,773
Белье штаб.,1998-02-25,5863733616593,History,2.6,435,477,352
Прежний основание танцевать плод цепочка аллея заведение.,1994-03-10,3136715934351,History,0.3,608,28,180
Изменение полностью грустный песенка белье головной терапия.,1992-03-31,8623632029856,Fiction,4.7,51,501,809
Рис грудь стакан.,2014-11-01,3886541809113,Non-fiction,3.2,476,143,867
Рис палец следовательно кпсс чувство дружно изображать природа аж потрясти.,2010-04-19,8265852090894,Fiction,0.1,712,604,349
Торопливый неожиданный носок.,1966-04-20,9577173626318,Non-fiction,4.4,604,420,176
Магазин неожиданный чувство правый единый редактор полевой интернет трясти вздрагивать.,1963-11-11,4093162416765,Non-fiction,1.7,982,790,549
Падаль пропасть.,1959-03-12,3865636523154,Fiction,4.2,634,932,963
Крутой палата поговорить добиться.,1994-06-01,7358027634207,Fiction,2.5,99,312,867
Художественный вздрагивать.,2017-05-30,5123469294401,Non-fiction,0.0,65,480,129
Тесно командир разводить аллея.,1970-09-20,8278806467961,Non-fiction,2.8,64,999,845
Правый ягода тесно салон крыса.,1991-03-24,6064070659210,Non-fiction,4.7,558,953,438
Возмутиться бак бригада изменение возбуждение место валюта.,1997-10-24,3204548766614,Non-fiction,2.3,952,287,209
Тюрьма белье войти висеть дрогнуть.,1982-04-20,5617444066900,Fiction,1.2,700,202,975
Болото один лететь около командир функция.,2022-08-30,1668472538359,Science,4.6,607,644,178
Поговорить приятель даль забирать неудобно.,1971-03-17,6545538422808,Non-fiction,4.4,881,92,420
Костер реклама актриса заработать.,1998-05-01,4256714680296,Biography,0.8,662,458,590
Важный бригада задрать совет коричневый издали.,1958-07-08,6273273340127,History,3.8,961,135,458
Командование расстройство вчера построить.,2015-06-16,2081403983958,Non-fiction,2.8,644,479,974
Пасть очередной выбирать.,2002-07-28,9725226130658,Fiction,4.1,722,476,159
Потом плясать горький командир академик пробовать спичка командир.,1975-05-25,5495728142388,Fiction,3.2,140,881,121
Сынок ложиться одиннадцать.,1982-01-08,5150701328754,Biography,4.1,662,195,748
Спешить мимо голубчик.,1976-01-13,3057631423108,History,4.7,975,956,974
Темнеть мальчишка полностью деньги.,2016-06-04,4539665575595,Biography,2.6,354,360,587
Лапа пастух присесть выраженный.,1955-05-29,8459517946071,History,2.0,751,202,28
Юный сустав освобождение четко неожиданный академик смертельный.,1967-02-08,7495559818823,Fiction,3.2,953,469,385
Хозяйка тяжелый штаб сходить терапия низкий.,2011-07-15,6862941834014,Non-fiction,4.6,669,169,766
Сустав теория господь обида дыхание.,1975-05-24,4973186396542,History,1.0,541,587,668
Порт выкинуть.,1999-06-23,7034235293417,History,2.0,936,574,33
Житель точно поймать кидать медицина сопровождаться.,1993-10-03,8313699794817,Biography,4.8,5,102,978
Художественный ягода поколение князь проход.,1987-06-24,6732906904651,History,4.2,82,115,732
Волк отражение какой триста девка крыса увеличиваться.,1975-12-13,8875534824242,Science,4.4,545,125,494
Промолчать бригада вариант.,1990-06-26,9146565819643,Biography,0.8,230,662,196
Серьезный посидеть основание коммунизм тысяча полоска кожа протягивать мелочь.,2021-05-24,1466253887737,History,1.7,724,235,82
Очко основание интернет совещание правление кольцо мера.,2008-04-16,4661871211193,History,2.9,732,522,327
Командование магазин.,1967-12-12,3879113049149,Non-fiction,2.2,295,856,37
Зеленый конференция сустав запеть.,1974-07-22,3512623230107,Fiction,1.3,285,364,434
Порядок жестокий район материя.,1990-01-26,2388485175731,History,4.0,31,661,119
Спешить равнодушный тута пастух провал холодно мрачно.,2003-12-18,7705546388559,Non-fiction,0.3,126,290,632
Выдержать бригада прежде голубчик.,2023-07-09,5032726188941,Fiction,1.2,461,173,210
Порядок порядок коричневый ломать отметить решетка вскакивать.,2002-10-24,4612312136491,Fiction,3.3,342,917,801
Князь голубчик невыносимый неправда.,1991-10-03,6473111043959,Biography,3.0,158,683,374
Сверкать какой картинка.,1979-09-03,3254155755255,Fiction,1.5,748,629,994
Ботинок правление мотоцикл.,1976-03-11,5014415950117,History,2.4,298,266,327
Трясти разводить угодный способ доставать выраженный.,1982-03-15,6639539459666,Science,4.8,145,525,892
Кольцо сомнительный рота уточнить мелькнуть прошептать неправда народ миг.,1961-06-29,1191323781767,Biography,3.0,866,153,553
Стакан поймать собеседник протягивать посвятить.,2010-01-17,7727771225125,Non-fiction,0.0,208,759,354
Фонарик прежний зато рай славный.,1974-10-18,4752341258282,History,0.5,424,942,915
Выгнать невыносимый пламя войти.,1981-08-11,2436099038971,Fiction,2.7,97,625,35
Исполнять руководитель конференция.,1967-04-09,9840619072312,Science,3.1,690,951,60
Ученый заявление вскакивать.,2004-09-03,3202131549744,History,4.2,850,150,409
Заплакать кидать счастье посвятить бровь сынок.,1998-11-30,8272902809989,Fiction,3.3,348,195,527
Тревога багровый.,1999-06-22,6262231986550,Fiction,0.1,768,418,228
Человечек виднеться промолчать посидеть засунуть дыхание песенка.,1973-11-01,3403661006870,History,1.7,500,571,255
Посвятить близко написать народ угроза налево командующий устройство.,1989-09-14,4790979849418,Non-fiction,3.9,809,515,982
Дальний четко гулять падаль тяжелый художественный.,1984-08-12,6015552241842,Science,0.6,302,805,277
Ставить вытаскивать аллея задержать палата пламя пропасть палка табак поймать полевой.,1997-12-13,8377194987897,History,2.6,104,268,27
Более костер смертельный ломать дальний госпожа.,1969-12-26,7926109179012,Fiction,3.9,842,953,619
Растеряться иной ломать.,1973-11-04,9510002322205,Fiction,2.1,925,482,962
Написать собеседник о.,1977-09-29,6137377568148,Non-fiction,0.5,253,987,130
Проход военный приятель за деловой экзамен порода.,1972-11-02,3557636926582,Non-fiction,2.9,868,585,962
Актриса зеленый дьявол инструкция развитый темнеть.,2012-03-08,7168337481833,Fiction,2.0,699,956,504
Ход направо еврейский выраженный о.,1958-09-19,1583240546251,Biography,0.6,356,474,990
Степь достоинство степь парень.,1969-03-12,8902681339040,Fiction,2.4,25,465,473
Командующий смертельный да.,1968-05-22,3772808271445,Biography,0.4,83,241,234
Термин сутки.,1992-07-26,1324514902266,Science,1.5,837,601,723
Картинка важный сравнение ставить помимо.,1972-01-08,2530768102141,Biography,0.5,579,295,981
Анализ желание вчера коробка.,1992-02-04,1598378016833,Fiction,4.8,287,568,484
Вариант увеличиваться жидкий бабочка тяжелый лиловый костер.,1980-05-22,7168459392458,Science,0.3,622,76,501
Спичка ярко секунда страсть.,1993-08-09,6721993354106,Biography,0.2,747,409,320
Славный возбуждение важный беспомощный спасть.,1959-10-01,8115519320027,Non-fiction,3.3,161,483,463
Спалить монета растеряться какой пространство сверкающий трубка приходить.,1979-05-25,4389920491608,History,0.6,296,824,261
Спалить самостоятельно вздрогнуть упорно.,1959-09-26,5323345118787,History,4.2,281,546,34
Госпожа помимо природа мальчишка зачем чувство.,1992-07-23,6799065088821,Science,3.9,56,363,192
Триста засунуть место плод слишком порядок применяться.,1968-05-01,2158857609554,Non-fiction,3.6,660,410,102
Боец отъезд отметить трубка заложить роса.,1978-07-10,3617013511613,Science,3.5,9,110,211
Скрытый волк ребятишки человечек шлем наткнуться.,1987-09-01,7267646999416,Fiction,4.5,447,799,402
Функция плод трясти.,1962-04-01,4109522030810,History,4.7,956,185,19
Упорно необычный заработать сходить находить возбуждение выбирать мелькнуть инвалид.,1972-01-29,2069254905954,Science,2.2,260,975,635
Тысяча миллиард выгнать.,1982-07-10,3970709473554,Biography,3.4,18,891,479
Социалистический место спалить художественный вывести.,2019-11-11,8507571059257,Science,4.5,443,681,509
Набор очутиться зима тревога сустав.,1991-09-22,1079243999906,History,4.1,853,14,198
Сутки.,1991-02-23,3424255712191,Science,1.1,734,777,721
Зима слать кпсс запустить решетка анализ.,2012-10-19,5882620532481,Biography,1.3,656,890,941
Песенка мрачно падаль сбросить мучительно предоставить набор.,1959-03-23,2436871529891,Biography,3.1,869,495,549
Металл вывести призыв.,2019-01-08,8147988067641,Fiction,2.7,997,546,137
Чем угроза монета ремень.,2017-10-26,5333314353633,Science,1.8,198,49,860
Пропаганда освободить серьезный вчера.,1983-03-15,4236024693504,Non-fiction,4.9,902,472,93
Горький передо что.,1973-12-03,9531876336981,Biography,4.0,178,235,550
Нажать выкинуть нажать угол головка.,2016-10-20,6815916625696,Biography,2.1,249,636,803
Оборот миллиард актриса.,1956-10-22,7184413321645,History,2.5,467,480,385
Правый болото тюрьма намерение угодный возбуждение.,2019-12-20,5497081066808,Biography,2.5,145,918,305
Факультет разнообразный головка.,1978-03-31,9713490155001,Fiction,3.3,220,997,371
Смелый расстегнуть товар.,2023-09-03,4635964866981,Biography,0.4,896,779,695
Пасть порода покидать.,2015-02-21,5055954317710,History,4.3,185,396,221
Манера приятель необычный казнь зима падать недостаток носок.,2000-03-20,5870485453948,Biography,4.2,60,177,449
Сынок факультет налоговый.,1959-07-23,9746532225342,History,0.0,601,423,62
Проход прелесть сустав дрогнуть картинка беспомощный.,1975-11-05,9996889350000,Biography,3.5,476,708,604
Ребятишки цель помолчать посвятить бетонный.,1971-12-08,3256803767418,History,2.8,309,153,621
Видимо стакан мягкий хлеб желание.,1983-03-06,6886607681479,Biography,4.1,150,69,853
Очутиться налоговый прелесть бак спалить медицина.,2021-09-23,5351718369320,Science,4.0,357,736,25
Избегать прелесть.,1991-07-24,9299561118620,Non-fiction,4.0,504,421,387
Рота войти торговля триста ручей.,1985-01-12,3040988934865,Science,3.3,782,547,38
Потом передо.,1996-03-28,6870771580079,Non-fiction,0.5,427,400,354
Мальчишка художественный хлеб.,1996-05-10,6502462657294,Fiction,3.7,828,70,214
Войти налоговый роса изба песенка банк угол монета.,1976-02-03,5491100932632,Non-fiction,3.9,117,586,741
Серьезный разводить жестокий магазин зима упорно рассуждение июнь применяться.,1955-05-13,4704665962506,Non-fiction,2.4,351,886,395
Торговля выраженный увеличиваться художественный сверкать.,1961-01-25,3227456859396,Fiction,1.6,650,852,560
Жить смелый поговорить означать непривычный избегать расстегнуть сохранять необычный.,1965-10-11,3172713461544,History,0.9,508,90,555
Анализ бак место зарплата обида умирать налоговый зато увеличиваться.,1994-12-26,2195694128924,History,3.4,577,287,25
Хлеб вскакивать конференция.,1967-10-15,1907778002018,Non-fiction,0.6,408,897,240
Выгнать покидать горький боец ломать поговорить потрясти.,1983-02-01,2636586711455,Science,0.5,664,14,452
Манера функция жидкий страсть смертельный фонарик райком роскошный конструкция кольцо что.,2000-12-25,2823765394084,Biography,3.4,769,744,48
Что подземный бетонный житель понятный плод постоянный пространство.,1968-09-06,4476325324240,Science,0.1,73,951,569
Космос пятеро естественный картинка витрина около.,2018-08-28,9255235269443,Science,0.5,622,388,991
Правление выражение ботинок терапия.,2022-07-06,1928649568233,Biography,2.3,667,689,546
Горький разуметься сверкать дурацкий вскакивать.,2000-05-25,6581583267345,Biography,2.0,828,593,298
Заведение пятеро способ вздрагивать актриса манера приличный тусклый похороны.,2018-12-13,5737078780446,Science,1.3,990,257,355
Носок порт уточнить вскинуть вытаскивать.,1990-12-17,7120270609244,Biography,1.4,603,229,646
Необычный пятеро нажать налоговый остановить снимать смертельный.,1976-06-25,6029818544670,Science,3.7,491,780,133
Невозможно спалить.,1995-01-26,4259926280715,Fiction,2.3,654,790,397
Недостаток анализ горький металл сходить неправда результат самостоятельно носок самостоятельно.,1975-03-13,7836549758593,Fiction,4.4,188,301,976
Палец темнеть висеть граница возникновение самостоятельно даль одиннадцать.,1996-01-29,2443108467118,Non-fiction,1.8,455,229,780
Выразить настать премьера неправда девка миг плясать видимо мягкий ведь.,2022-10-14,7926266577011,History,3.3,121,669,575
Рай дальний боец за валюта.,1997-04-12,1765418893615,Non-fiction,4.4,327,240,7
Мера что крыса.,1970-06-19,7022662177478,Fiction,2.0,669,189,453
Инвалид приходить поколение.,1956-08-20,6649625039500,Science,2.7,364,419,256
Уточнить падаль трубка граница четко.,1973-09-27,6726808511329,Biography,2.7,577,509,401
Посидеть передо спалить рота.,1983-01-05,3032992672080,Science,2.9,305,664,948
Какой головной виднеться.,1963-02-24,9773144361148,Science,0.4,35,417,358
Потянуться ручей термин сынок еврейский.,2010-09-19,7032110545659,Science,4.1,690,607,629
Понятный пасть эпоха ломать какой.,1975-10-19,6851246475333,Non-fiction,4.6,741,584,2
Совет единый шлем возбуждение сустав ярко кидать решетка.,1963-10-31,7884578933235,Fiction,2.7,524,989,204
Скользить доставать мгновение.,2011-08-28,2857811657485,Fiction,0.4,490,820,319
Чем степь пятеро пламя.,2011-05-27,4425760317552,Fiction,1.2,276,283,748
Правильный бак кузнец ход.,1986-06-18,8971293276166,Biography,1.6,887,402,64
Карандаш тусклый провал мелочь спичка угроза.,1977-11-01,9767335201187,Fiction,2.0,283,303,894
Число ныне.,1981-08-29,4040114098138,History,0.0,64,603,133
Возможно войти через около наткнуться бровь шлем.,1994-02-15,9861548935430,Biography,2.4,266,570,795
Угодный равнодушный невозможно палка адвокат коричневый находить что дремать.,2022-03-10,5850316844885,Fiction,4.8,377,554,770
Полностью развернуться решетка багровый.,1999-06-19,9982562472282,Non-fiction,4.3,889,547,97
Назначить терапия уронить.,1955-08-11,3935830924637,Biography,1.0,474,319,569
Падать господь исследование.,2011-07-07,1462054337032,Science,3.1,80,459,243
Природа а поставить грудь место.,2009-07-19,1575218578586,Biography,1.6,539,421,886
Низкий выражение следовательно факультет.,1983-10-11,9707030278385,Fiction,1.6,876,202,237
Роскошный пастух командир спорт изменение.,1985-08-26,6549833544504,Non-fiction,0.5,523,132,102
Металл экзамен достоинство.,1976-02-06,5825071961385,History,0.9,478,643,532
Правильный потянуться при роскошный.,1972-07-15,4712947039147,Science,2.1,110,379,304
Каюта рассуждение команда оставить постоянный интеллектуальный поймать.,1999-08-17,3753647638941,Non-fiction,1.1,637,791,552
Редактор скользить отражение актриса хотеть вариант.,1966-05-28,6726602029420,History,2.6,830,848,231
Миллиард вряд скрытый горький.,1980-01-31,4764736849771,Science,5.0,871,655,691
Заявление провинция.,2013-04-08,6399351160817,Biography,3.4,810,836,31
Пропаганда вывести выраженный багровый анализ банк рис одиннадцать.,2024-07-22,5732292035817,Fiction,0.4,861,278,955
Какой медицина.,1961-08-27,4577850951861,Non-fiction,3.2,975,798,543
Райком изменение порог выбирать темнеть видимо протягивать.,1987-03-26,3668680305567,Fiction,2.2,80,532,578
Спорт труп демократия деловой устройство горький полевой плод.,1975-12-13,6380415302437,Fiction,0.6,870,431,804
Означать пропаганда что жидкий.,1978-06-12,1246153153591,Biography,3.2,197,125,637
Труп хлеб неудобно.,1991-03-30,1335207296836,History,4.1,498,901,537
Плавно порог плясать неправда тесно услать поколение налево.,2023-12-02,3145117187300,Fiction,4.4,68,920,315
Указанный грустный мелькнуть анализ смелый.,1994-07-16,2131039251698,Non-fiction,0.1,164,957,518
Функция валюта тюрьма возникновение заложить космос князь.,2010-06-14,7639607098491,Non-fiction,3.5,151,184,134
Адвокат запустить сверкать успокоиться невыносимый умолять дурацкий легко.,2018-01-29,7349656055835,Non-fiction,0.6,810,354,940
Пропадать отметить витрина решетка упорно армейский.,2010-08-28,5338869216603,History,2.4,114,311,959
Издали вытаскивать поговорить прелесть скользить равнодушный слишком магазин потрясти.,2016-10-02,7389064186201,Non-fiction,3.0,672,892,799
Тесно пропаганда выраженный разнообразный счастье вскинуть.,2012-10-12,5656829505039,History,1.5,278,106,563
Плавно тысяча горький спичка серьезный.,2000-01-27,4471801732539,Biography,1.8,642,32,76
Белье совет налоговый отдел.,1959-04-12,7517197707586,History,2.7,712,607,743
Цвет триста помолчать природа остановить танцевать эффект отметить набор.,2021-08-09,9871085698282,Science,3.4,939,534,198
Степь пламя поговорить рай академик расстройство факультет.,1956-09-26,1467059708830,History,4.4,212,496,390
Пробовать виднеться палата банк вчера зато.,1986-01-09,8347633690602,Biography,3.1,508,540,984
Очутиться полностью нажать девка.,1978-12-07,1411101090548,Fiction,4.2,860,798,989
Заплакать бригада упор товар.,2020-08-09,4214762829254,Biography,1.5,697,894,695
Коммунизм выражение выражение возникновение висеть грудь палец.,1956-08-31,5418534136597,Fiction,3.9,419,827,168
Совещание холодно дремать манера промолчать.,2023-04-12,1221520284937,History,1.9,924,617,118
Рассуждение что.,1972-04-09,3605919908358,History,1.2,589,301,441
Вскакивать собеседник заложить ломать дальний механический житель.,2024-05-19,6079178042442,Biography,0.7,930,8,4
Роса инвалид рабочий функция.,2018-12-18,8491111775940,Non-fiction,1.1,311,298,315
Ребятишки слишком танцевать.,1955-02-26,4046606246556,Fiction,2.7,222,488,1
Один совет мера головка.,1979-05-04,5748777464090,Non-fiction,3.2,649,337,70
Изображать тревога какой спешить радость правление.,1975-08-26,9671028860093,Fiction,3.6,573,664,97
Природа заработать.,2021-06-15,5483078824222,Fiction,4.3,807,218,513
Привлекать армейский подземный растеряться.,1961-02-27,5073307807823,History,4.0,963,771,142
Деньги сынок иной валюта зарплата.,1984-02-22,1242208729790,Fiction,3.6,544,989,142
Очередной вскакивать возмутиться запустить.,1996-11-10,6678933084206,History,3.6,434,179,89
Роскошный зачем рай.,1996-10-02,7624063636591,Biography,4.8,573,907,712
Иной сходить постоянный правый поймать зато.,2011-04-06,5157148439096,Science,4.2,118,255,16
Решение блин ложиться рай господь умолять исполнять угроза триста.,1955-05-02,8490509921096,Non-fiction,2.5,143,833,439
Число прошептать миллиард.,1965-11-28,6558878453450,Science,0.6,649,720,110
Зато инфекция.,1991-12-04,6290432677810,Fiction,2.6,112,247,828
Полностью триста четко чувство.,1999-08-07,9592922835817,Non-fiction,1.5,145,539,411
Монета.,2008-10-14,3699520054783,Biography,1.6,569,778,831
Обида правление боец командующий кольцо табак исследование космос возбуждение.,2018-12-19,2789996168079,Non-fiction,2.8,178,93,800
Командующий слишком научить.,1964-01-22,1042883699800,History,4.7,257,569,623
Инструкция встать вскинуть.,2015-01-26,8886601172618,Science,0.1,332,980,780
Ученый неожиданно цвет природа витрина.,2003-09-25,7351239300563,Science,2.9,388,70,485
Какой посвятить салон расстройство лапа носок актриса.,2018-01-22,8590871788261,Biography,0.4,805,448,179
Возмутиться интеллектуальный упорно разнообразный.,2002-06-19,2123483952565,Non-fiction,0.3,798,115,319
Порог полюбить.,1987-03-21,7713405304780,Fiction,0.2,37,86,329
Снимать ныне вариант.,1968-06-05,9977683319678,Fiction,3.8,279,346,192
Коммунизм дурацкий равнодушный очередной июнь находить.,2013-06-05,6605067581121,Non-fiction,2.1,332,569,222
Смелый головка.,1997-06-27,5598445520592,Non-fiction,4.3,578,11,984
Падать прошептать естественный освобождение уничтожение витрина.,2015-11-06,9642668938977,Biography,0.8,660,399,535
Второй находить тесно наткнуться миг бак ведь сынок бетонный.,1992-01-07,9369217818854,Non-fiction,3.0,367,111,48
Низкий карандаш.,1978-02-21,4040071494424,Science,4.2,843,481,876
Багровый мелькнуть.,2011-01-04,2273295729480,Fiction,0.9,895,137,217
Теория нож инвалид домашний.,1955-09-04,9330285899178,Fiction,5.0,415,670,550
Дошлый о народ боец угроза.,2015-09-06,1680494964678,Science,1.8,359,212,408
Увеличиваться порт растеряться призыв проход серьезный решение.,1988-08-26,2846301049278,Non-fiction,3.5,864,906,326
Каюта исполнять деловой миг житель.,2004-12-18,6828129611432,Non-fiction,0.6,844,634,198
Манера еврейский.,1968-11-22,8828954785298,Fiction,1.1,373,670,376
Научить более мрачно.,1975-04-08,4199816866521,Biography,1.3,128,315,830
Функция райком встать.,1983-04-30,5884025498387,Non-fiction,1.0,161,570,676
Интернет пробовать головка слишком секунда провинция.,1974-12-07,5589962302104,Science,4.4,113,809,404
Болото тута сравнение валюта.,2005-10-19,6086942367308,History,4.4,454,186,63
Радость дьявол при кольцо уронить карандаш.,1957-10-05,5622921310944,History,4.8,128,998,626
Падаль палец сопровождаться хотеть жестокий палка термин какой сверкающий.,1997-09-12,6859709623041,Science,3.8,481,372,446
Через правление мотоцикл зима.,1995-11-22,2107715307611,Non-fiction,0.1,484,797,259
Задрать картинка засунуть пасть упор зима изображать ответить космос.,1962-11-07,7454895767583,Non-fiction,3.2,800,840,628
Девка триста изредка скользить ремень.,2008-03-31,2422296081627,Fiction,3.9,159,705,437
Салон провал ложиться кпсс бегать счастье.,1991-12-01,8506546359759,Fiction,3.0,782,373,958
Равнодушный пропадать покидать руководитель.,1995-03-24,2955513009733,History,1.4,686,127,621
Выкинуть неправда обида достоинство коричневый степь палата.,2016-04-19,1064216080884,Non-fiction,2.6,96,930,900
Команда идея налоговый.,2001-01-11,2416213826750,Biography,2.9,438,455,868
Ход команда сынок.,1975-06-20,2525229165649,Fiction,3.5,63,857,335
Стакан аж светило теория кольцо грустный изба волк посвятить.,1967-09-07,2060071513043,History,1.6,815,343,741
Способ вообще избегать прощение.,1997-08-08,8522261938056,Science,3.8,570,131,846
Трубка тревога труп покидать падать.,2004-01-13,3879807992292,History,2.8,745,757,909
Голубчик лететь еврейский эпоха изображать слишком мелькнуть.,1973-08-12,9471179021919,Science,2.8,72,518,878
Пламя самостоятельно заплакать.,1977-10-29,1415801504289,Science,1.7,458,166,977
Команда князь новый запретить жить разнообразный.,1966-06-19,6611522440944,Fiction,0.3,864,621,535
Способ лететь житель роскошный.,2009-11-18,2728869548209,Science,1.0,842,870,628
Металл разводить.,1979-06-22,6971521149231,Biography,0.4,290,615,372
Вздрогнуть устройство задрать спичка столетие терапия.,1979-12-25,2110155342201,Science,1.6,756,68,742
Вывести крыса.,1996-01-04,2251080767883,Fiction,0.0,641,7,27
Спалить четыре бабочка.,1956-01-31,2123099106644,Non-fiction,1.9,554,135,527
Академик человечек второй витрина увеличиваться.,1977-12-23,3041268118822,Fiction,1.0,342,986,59
Достоинство конференция строительство провал выразить потрясти кузнец поговорить порт карандаш.,2009-08-08,3709779770069,Science,4.7,158,57,344
Решетка район построить.,1972-08-22,1526962899128,History,4.3,888,920,463
Выражение выраженный висеть лететь поставить.,1998-12-20,2567677503627,History,4.0,372,265,4
Мрачно решетка развитый.,1956-12-04,4970447135317,Non-fiction,3.5,290,37,192
Миф пища мгновение полоска направо банк результат.,1999-02-08,7175220724997,Non-fiction,0.3,507,393,885
Идея вытаскивать домашний.,1994-04-17,6556509970542,Biography,1.1,332,50,195
Угроза рай скользить зима гулять.,1971-12-27,7672863313275,Biography,1.1,427,891,396
Промолчать заложить функция каюта похороны цель уничтожение указанный космос.,2011-08-24,5115884222591,Fiction,0.2,318,256,403
Механический ответить дурацкий порядок уронить аллея.,1954-07-27,1223334183689,Science,4.0,987,625,302
Зачем даль очко.,1993-04-16,7854275947566,Science,2.3,816,910,978
Проход призыв эпоха князь.,1976-10-03,2431846258611,Biography,0.7,904,240,405
Издали вскинуть спалить висеть.,1992-07-11,4545752494428,Science,3.4,870,44,120
Дремать а тусклый собеседник.,1978-11-19,3860073518246,Non-fiction,0.7,486,413,946
Решение спорт пересечь ботинок.,1981-03-26,1135683346016,History,2.3,223,809,843
Цвет неправда серьезный банк райком.,1970-08-16,5286167892902,Biography,2.3,784,8,172
Проход выбирать дошлый юный.,2010-03-15,3795472210541,Biography,2.8,209,499,271
Руководитель забирать обида инфекция.,2007-04-19,8308508818298,Non-fiction,2.9,98,209,348
Помолчать трубка полюбить мрачно секунда еврейский хлеб ныне назначить белье.,1974-10-06,2214336284821,Non-fiction,3.3,958,543,269
Карандаш низкий.,1969-08-11,2292934543234,Fiction,1.1,451,171,562
Непривычный освободить.,1986-02-17,1554526314510,Biography,3.2,491,493,998
Слать инвалид сходить прошептать трубка.,2007-08-10,1409152461897,Science,0.3,903,447,742
Кпсс военный налоговый кузнец.,1999-02-01,8626070170593,History,4.4,671,874,914
Сверкать реклама изображать смертельный рот перебивать пересечь табак.,1968-08-31,8828086739746,Biography,1.4,954,413,400
Разводить уничтожение славный помолчать премьера интеллектуальный.,1995-06-29,5721160859004,Science,1.4,594,923,377
При носок инфекция вскинуть дьявол.,1972-01-17,8929502988760,Science,4.9,215,637,932
Тута банда выраженный крыса крыса заявление налоговый поставить бак.,1968-01-21,3603932389912,Biography,3.5,756,622,421
Школьный правый неудобно мера валюта дрогнуть близко сынок.,1967-06-17,8560026743677,Science,3.7,598,985,202
Палец покинуть юный указанный спичка.,2015-10-23,7759225035335,Biography,1.9,506,106,185
Дорогой чем сохранять команда изучить деловой.,1984-05-29,9620314689327,Biography,0.4,58,974,192
Да головка мотоцикл материя бак отражение зеленый нервно.,1963-01-23,6375914525314,History,3.4,826,806,185
Вчера команда пламя написать пропаганда факультет.,2008-03-11,6911536147479,Biography,1.4,666,482,321
Рота заработать палец мгновение четыре песня поймать монета естественный.,1961-09-11,7916939169244,Fiction,1.6,144,649,321
Вариант болото более подземный художественный помолчать услать освобождение.,1963-07-09,9640220887722,Non-fiction,0.1,578,904,36
Появление рот банк потянуться выдержать сутки.,2011-04-13,2965626572133,Biography,1.2,881,21,483
Тяжелый уронить выражение сынок кпсс спичка сохранять.,1959-07-07,4224016676255,Non-fiction,3.2,408,357,714
Освобождение посвятить одиннадцать.,2019-11-12,7772339503049,Science,1.3,676,850,366
Естественный скрытый.,2008-08-12,2075056140080,Biography,0.3,222,899,685
Танцевать ученый угроза отметить славный нервно.,1977-12-31,8520802852530,Science,2.5,895,972,524
Рот дошлый вскакивать демократия.,2022-07-29,7801526054947,Fiction,4.7,539,389,587
Самостоятельно отъезд выраженный головка.,1989-07-30,5765808424170,Biography,4.2,977,885,72
Зима головной.,1978-07-09,5614879729449,Biography,2.8,11,958,433
Полюбить гулять багровый слать вздрогнуть аж.,1968-07-11,8959541183730,Biography,3.9,363,439,102
Сравнение боец заявление что порог прощение зеленый порт.,2021-06-06,9247703714742,Fiction,4.5,491,600,197
Голубчик кидать потом медицина термин.,1955-10-21,5326973630173,History,0.3,810,229,93
Банда налоговый рай трясти забирать.,2010-05-08,7679434851512,Biography,3.6,109,256,685
Мальчишка тесно выдержать.,1988-01-25,1827036004223,Fiction,2.3,424,125,419
Лапа очко выраженный.,1970-03-30,2836661445329,Non-fiction,0.7,582,324,460
Вперед тяжелый рай поезд пространство.,2008-06-02,2335135701510,Fiction,0.5,482,1,23
Упорно заложить валюта исполнять одиннадцать выкинуть конструкция посвятить.,1990-09-07,5531703904194,History,3.1,517,657,75
Художественный дорогой.,1965-11-22,2722407875774,History,3.2,209,581,251
Вздрагивать падаль товар.,2019-12-20,9203732822427,Science,4.6,576,178,955
Расстройство гулять.,1959-01-16,6053461146972,History,2.6,888,706,144
Эпоха лапа.,1972-09-22,3500056870251,Fiction,0.6,880,134,2
Построить коричневый командование посидеть правление иной ложиться.,1967-09-04,6148049007111,History,2.5,739,852,435
Перебивать грустный ботинок промолчать упор.,1986-04-01,2584784653384,Non-fiction,1.0,751,216,170
Точно подземный направо.,1957-09-19,3429124253564,Non-fiction,4.3,500,876,884
Ныне секунда волк мягкий вытаскивать слишком.,2007-10-25,2647079376209,Biography,1.2,213,7,154
Изменение порода плод развернуться песенка монета.,2020-06-10,8668768462927,Fiction,4.0,50,545,961
Художественный нажать означать командир.,2021-09-14,8930862086845,Biography,0.3,388,274,418
Уточнить спорт ломать сверкающий ход плавно способ реклама трубка пространство.,2019-02-18,2251757072253,Non-fiction,3.8,679,822,321
Дрогнуть господь секунда порог вскакивать.,2010-11-21,1947091451153,Biography,0.2,755,381,266
Непривычный избегать умирать палата.,1995-06-03,6751429672748,Fiction,4.4,713,528,275
Серьезный рай висеть результат решение.,1968-05-05,7118771536871,Fiction,4.5,334,523,758
Самостоятельно эпоха совет заявление.,1957-08-19,5168210704759,Fiction,1.4,965,648,593
Равнодушный потянуться металл.,2001-07-03,2850167798297,Fiction,1.7,207,611,399
Поставить тяжелый рис непривычный четыре художественный горький горький поздравлять остановить.,1995-07-19,5230605133754,History,2.0,959,146,592
Граница мягкий печатать заработать социалистический волк товар хлеб салон пол.,1994-07-01,7224797299078,Science,1.0,35,240,61
Солнце встать падаль факультет неожиданный мотоцикл покидать сбросить.,2022-02-18,8105675511809,Biography,4.1,705,828,361
Грустный о правый падаль рис миг.,2004-06-07,8677650378165,Science,4.4,345,935,100
Набор тревога дружно смеяться.,1983-04-01,2056086739791,Non-fiction,0.6,621,557,579
Покинуть свежий казнь.,1969-07-01,9177750906447,History,1.0,930,57,180
Дальний зато коробка механический каюта рай район аллея.,1995-12-11,3333327379861,Science,2.6,750,931,445
Печатать тесно промолчать скользить плавно тревога.,1977-08-12,8253501508664,History,4.8,464,120,935
Кузнец чувство дошлый шлем интернет.,1997-10-13,8434095135801,Non-fiction,3.4,407,889,500
Дорогой правление райком рассуждение.,1981-08-25,1154163898912,Fiction,3.6,738,743,579
Даль наступать дальний беспомощный монета пятеро пропасть плод.,2021-01-30,9272167179984,Biography,3.3,751,813,867
Посвятить легко.,1978-05-17,3335718522924,Biography,0.7,884,855,29
Исполнять костер.,1987-02-11,8882791318134,Non-fiction,2.1,477,390,370
Мальчишка торговля космос.,1998-11-26,7608939564285,Fiction,4.8,385,861,898
Находить.,1961-07-29,7027374758592,Science,5.0,319,880,589
Легко исполнять ленинград тяжелый конструкция грустный равнодушный.,1994-11-06,5996043599221,History,0.1,834,646,518
Передо команда приятель вариант.,2015-11-19,9837005521244,Non-fiction,2.6,745,832,660
Изменение господь выгнать изба солнце инструкция дремать голубчик.,1957-07-11,7118628418060,Non-fiction,4.2,168,157,679
Подземный сопровождаться цвет команда сомнительный избегать прошептать.,1990-12-19,5561400556202,Non-fiction,2.5,814,601,446
Премьера степь.,1986-09-09,5564299899557,Biography,0.2,610,592,48
Господь один.,2023-07-01,8727308581885,History,4.6,745,391,330
Миг рис миг упорно пропаганда пространство.,2017-04-12,6257461131379,Non-fiction,2.4,745,94,466
Беспомощный правый развитый смелый заложить.,1996-12-06,9191034822603,History,3.9,898,781,325
Командир покидать встать низкий.,2010-10-12,2371514288269,Fiction,1.5,39,463,682
Пол соответствие применяться тяжелый угроза житель.,2002-01-15,4582196149613,Fiction,1.2,775,33,710
Монета космос плавно спасть художественный.,1963-03-10,3710117601438,History,3.6,319,298,646
Теория ответить.,2012-05-01,7831774632261,Biography,4.2,530,480,267
Избегать песенка выбирать покидать плод премьера четко возбуждение.,2004-06-07,1589380405295,History,4.5,98,814,972
Домашний разнообразный стакан мелькнуть.,1958-09-27,1492262881069,Non-fiction,4.7,524,91,353
Призыв командир мелькнуть салон сходить.,2009-08-20,1258011449013,Fiction,1.9,219,10,555
Пол кидать прелесть изба приходить неправда.,2020-11-25,4532189780424,Biography,2.9,938,421,516
Намерение мимо мрачно юный при.,1969-02-23,7531411700405,Fiction,2.2,931,559,89
Наступать дремать голубчик.,1999-07-01,7746832785006,Non-fiction,2.0,743,366,184
Неудобно каюта близко расстегнуть боец.,1959-08-31,7103373238999,Biography,3.3,927,428,794
Боец подземный цвет наступать кольцо изредка шлем фонарик интернет.,2004-02-17,9529894189519,Biography,1.3,791,208,588
Беспомощный господь.,1967-01-28,3502930355911,Biography,0.4,387,326,551
Смертельный природа.,1956-12-30,4628766530696,History,3.9,965,315,892
Рай выразить фонарик карандаш рабочий.,2019-12-30,8968336550505,History,3.8,282,336,872
Построить какой тревога уронить металл горький строительство трясти дьявол.,1966-03-15,1358839940043,Non-fiction,2.7,225,672,352
Холодно достоинство сходить ложиться.,1987-10-12,9889406056775,Fiction,3.6,193,487,181
Монета обида миф посидеть появление.,1961-10-27,7941046403954,History,3.5,88,644,10
Второй собеседник процесс опасность.,1976-05-03,7296278006302,History,2.3,942,839,140
Плясать налево цель вариант свежий одиннадцать невозможно ход.,2010-08-11,2199355287324,Biography,4.1,43,696,31
Банда угроза солнце.,2012-11-02,2907682363078,Fiction,1.3,595,286,721
Мелькнуть сравнение парень достоинство миллиард подземный падаль.,1957-07-12,6842442438707,Biography,4.5,517,960,112
Белье легко крутой демократия аж обида одиннадцать ставить очередной плясать.,1957-11-23,8305295985504,Science,3.3,391,914,668
Похороны перебивать посвятить умирать.,1978-08-03,3192735771643,Science,2.5,694,492,29
Постоянный смертельный адвокат.,2009-02-28,3583532130127,History,0.8,39,818,573
Передо космос успокоиться темнеть.,1974-01-17,3433473909911,Fiction,2.9,657,848,91
Избегать иной оставить смертельный заявление.,1959-09-25,3454901417714,Biography,0.3,962,498,661
Помимо непривычный правильный промолчать.,1986-02-15,4349696269083,History,4.7,356,5,158
Забирать рай.,1997-10-31,9710582287137,Science,2.6,969,565,362
Ставить ребятишки похороны левый рабочий рай каюта спорт ломать палец.,2020-02-17,8330290471631,History,4.7,420,614,704
Один лететь отметить покидать вперед отдел увеличиваться скользить.,1958-07-26,5888569367084,Science,1.6,761,446,804
Счастье разводить совещание.,2001-09-14,9321750496175,History,2.9,61,551,753
Выдержать упорно изменение заработать девка.,2023-05-18,2616841044603,Science,1.7,465,261,532
Крыса совещание.,2010-07-25,5768117900387,Non-fiction,1.6,133,987,973
Мелькнуть карман сутки смеяться пламя мрачно пропаганда угодный.,2009-04-27,3693316387267,History,3.7,93,46,631
Дурацкий доставать ведь успокоиться изменение научить единый опасность.,2009-05-20,5285313430110,History,4.7,286,400,614
Лапа сверкающий медицина рай.,1990-03-14,3984023853198,Biography,1.1,177,489,835
Бак возмутиться табак поймать развитый заложить о.,2022-06-19,1807938073671,History,0.3,253,116,702
Видимо тревога пробовать сынок.,2000-10-26,3821495375316,Biography,3.3,571,451,936
Танцевать встать рассуждение мгновение.,1998-12-14,6732447212491,Non-fiction,1.3,561,39,40
Мгновение домашний июнь командир развернуться.,2008-06-25,4633469641066,Science,1.3,885,923,830
Указанный металл рабочий.,2023-09-15,2417182479221,Fiction,2.8,381,548,258
Социалистический функция.,1980-04-08,5492464207042,Biography,1.6,948,340,592
Обида более карман.,2013-11-30,7212139059262,History,1.2,564,700,17
Команда упорно девка.,1959-04-25,7171724825446,Science,3.4,878,168,296
Запретить холодно чувство заработать сынок настать.,1994-11-16,4869997182889,Non-fiction,2.0,609,421,265
Табак расстегнуть песенка аж тяжелый заплакать.,2000-02-20,3264019109300,History,0.5,532,197,140
Встать парень полюбить.,1988-05-18,1878668725419,Non-fiction,4.7,91,871,856
Граница еврейский художественный конференция а.,1967-06-15,6946971413294,History,3.8,775,588,223
Спорт изучить при.,2013-03-24,6754829568714,Non-fiction,1.2,543,720,833
Космос нож выкинуть командир горький.,1995-03-04,4735076777872,Fiction,2.3,173,476,722
Освободить миллиард.,2015-10-18,7307041133934,Fiction,3.1,846,198,702
Эффект пасть зеленый да правление песня затянуться слишком.,1969-01-24,3653135490941,Non-fiction,4.7,659,332,548
Важный наслаждение следовательно.,1976-05-15,6099577614002,History,4.5,125,87,892
Тревога термин сынок задержать правление.,2018-08-20,1556644393401,Fiction,1.2,381,591,78
Ломать пол товар через дрогнуть.,2020-08-24,1326472705002,Biography,2.0,625,258,701
Факультет зато четко запретить.,1993-01-21,9468286235449,Science,4.9,329,53,196
Развитый легко строительство гулять кидать.,1994-06-03,3823467462344,Fiction,2.1,776,350,899
Смелый сутки девка изображать падаль мусор встать мгновение уничтожение провинция.,1961-03-17,8399462942521,History,4.8,925,198,552
Вытаскивать степь возмутиться головной заложить.,2007-11-23,6600790192776,Fiction,1.6,417,364,508
Реклама.,1979-11-11,1320390792935,Biography,4.8,46,739,514
Карандаш торговля совет академик интеллектуальный вперед кольцо.,2012-08-21,3769856267985,Fiction,4.8,149,494,778
Развитый дальний сравнение.,1958-05-18,2455376609816,Fiction,0.0,116,281,745
Указанный пол юный наслаждение коробка.,1996-06-23,4621438720279,Non-fiction,1.6,119,304,242
Редактор ученый труп заведение функция горький обида пламя затянуться.,1973-01-21,1652586669403,History,1.0,180,726,255
Сустав уничтожение ручей житель запустить художественный смелый.,1993-01-07,9771832479687,Science,4.4,806,74,370
Выразить падать экзамен.,1963-09-30,6680560891125,Science,1.6,974,540,940
Применяться еврейский сынок.,1970-05-03,6730104764079,History,3.5,829,358,769
Банк лететь.,1980-07-18,3482932966930,Fiction,4.7,868,772,417
Серьезный возникновение спорт коричневый рота.,1961-06-28,1760382102698,Fiction,4.2,426,183,84
Космос мгновение запеть приличный.,1985-02-19,3645808001272,History,0.9,533,89,718
Вытаскивать выражение висеть деловой очко.,2010-05-20,8622587115809,History,5.0,438,869,324
При точно ярко помимо экзамен эффект.,1956-01-19,5857972589993,Science,3.2,581,882,685
Опасность написать торопливый.,1955-04-30,9005160590696,Biography,3.5,457,362,402
Изба ложиться карандаш житель сомнительный поезд.,1989-10-05,6843890980996,Biography,4.0,16,137,697
Низкий функция ягода наступать остановить приличный.,1965-05-09,3385095347248,Biography,2.2,797,974,728
Палата скользить выразить скрытый миф табак исполнять вздрогнуть.,1991-04-06,9666180332496,Science,3.8,268,276,232
Очередной цель избегать.,2006-09-05,1146233235707,Biography,1.9,472,563,274
Провал даль сверкающий.,1979-07-26,2446939737093,History,0.0,746,778,347
Написать падать запеть засунуть.,1959-11-18,6467567682830,Non-fiction,4.3,708,38,294
Секунда материя встать слать.,1995-10-18,3702572310297,Science,2.3,877,228,675
Ставить прошептать избегать отражение посвятить.,2022-02-16,9364721832852,History,2.0,767,94,918
Дрогнуть салон поставить сынок космос салон факультет.,1992-04-12,3371302017986,History,3.9,914,416,258
Изба кпсс точно выдержать пол гулять рис вскинуть что домашний.,1980-07-28,1862959017450,History,4.7,94,508,697
Карандаш грудь секунда.,2004-11-27,2176241580460,Science,0.1,589,346,790
Школьный пропадать заявление сомнительный приходить покидать.,1956-05-02,9377407890626,History,1.6,960,619,390
Казнь опасность уронить падать.,1966-04-13,8696963412993,Fiction,4.1,294,714,686
Рота мелькнуть ленинград.,1985-04-08,1093752743960,History,0.9,472,648,944
Деньги житель недостаток соответствие редактор девка расстройство торопливый отдел рабочий.,1966-05-01,7718081099004,Non-fiction,2.6,314,946,183
Подземный роса очутиться угроза.,2010-01-29,7228420902951,Non-fiction,4.7,418,929,641
Угодный какой жидкий важный июнь спорт актриса через цвет.,1970-09-08,1898521774738,Non-fiction,4.4,155,418,220
Сомнительный район.,2003-02-18,6334068668589,Non-fiction,2.4,188,496,582
Доставать военный кпсс возбуждение обида заплакать дрогнуть термин анализ.,2007-11-21,9158766892595,History,3.4,222,892,493
Карандаш премьера госпожа ответить парень задержать.,1978-07-22,1263629498053,Science,2.5,232,283,557
Монета угроза потянуться бетонный анализ лететь.,2006-02-22,3317831070798,Non-fiction,2.2,456,628,397
Багровый редактор возникновение доставать соответствие.,1998-06-05,7712316118499,History,2.4,174,723,326
Падать поставить лететь демократия.,1986-11-24,6708875686440,Fiction,1.3,302,262,687
Разуметься следовательно поставить сверкающий триста.,1958-05-16,8827182549258,Biography,4.7,104,712,646
Развитый инфекция присесть багровый славный новый.,1999-02-16,2613219064496,Fiction,2.2,409,40,968
Пятеро тяжелый поезд магазин.,2018-11-15,2836391051701,Science,1.2,128,645,393
Доставать неожиданно изба.,1998-08-20,2851834461351,Science,2.8,345,775,93
Инвалид факультет тесно трубка.,2000-11-20,4419836449361,Biography,0.1,860,38,372
Витрина тюрьма труп.,2000-04-24,6638112263216,Non-fiction,4.7,624,87,813
Настать домашний монета новый.,2024-02-21,9569597609876,Biography,2.8,280,602,796
Процесс.,1989-01-22,3076956062385,History,2.0,4,464,125
Виднеться командующий оборот функция наслаждение.,1977-04-18,5573510201566,Biography,4.7,625,924,435
Через освободить выражаться.,2008-08-07,2196317984447,Science,4.9,887,839,41
Заявление госпожа лиловый.,1958-05-02,8910238378938,Biography,0.7,136,66,949
Оборот сынок.,1967-11-06,4624719188602,Biography,1.0,15,92,701
Инвалид.,1984-05-12,1280751833396,Fiction,0.2,680,387,289
Пламя инфекция.,1988-04-29,5151331320945,History,0.1,492,610,396
Слать житель легко.,1970-05-10,3083091605109,Science,3.8,770,30,786
Идея лететь способ развитый господь салон потрясти.,1974-05-10,9676338052606,Non-fiction,4.7,58,755,915
Песенка пол другой пересечь.,1954-10-31,3758105964836,Biography,3.9,213,989,995
Ягода мальчишка космос указанный означать около угол естественный угроза.,1986-05-17,1909996880111,History,0.6,489,296,209
Сбросить мусор слишком исследование хотеть пища.,1970-04-26,4121063428412,Science,1.4,848,524,246
Место дыхание горький.,1977-06-21,9259864639465,History,4.1,168,984,527
Вскакивать поколение деловой песенка обида.,2023-08-20,8972319958824,Fiction,0.1,708,607,417
Угол протягивать прелесть белье очутиться холодно тюрьма.,1960-09-19,3606153774795,Science,3.1,172,691,727
Сынок медицина развитый еврейский правильный тусклый песенка славный.,1982-04-08,4104161899065,Science,2.1,556,145,131
Ложиться пастух терапия иной счастье нажать процесс юный обида.,2011-01-12,7914128133257,History,1.4,14,242,867
Да возникновение слишком зачем задержать.,1996-07-24,7842017719269,Science,3.6,920,188,52
Привлекать пастух вообще цепочка нож горький коллектив.,2009-05-07,3640660271668,History,2.0,551,58,165
Страсть выражение забирать помолчать.,1976-11-23,7900384056991,History,0.6,676,614,722
Социалистический умирать беспомощный уронить руководитель грустный.,1970-06-17,5687805868142,Science,2.7,622,158,168
Слать второй посидеть затянуться зарплата лапа носок выраженный уточнить помолчать.,1982-09-10,6365340890829,Biography,1.5,60,219,872
Витрина один возможно картинка полевой.,1968-10-18,7027924358418,History,1.8,669,964,205
Проход ночь приятель выражение.,1965-08-03,8199847274929,Science,0.0,604,900,738
Трясти разуметься назначить.,1954-07-23,5594506971636,Biography,2.9,487,99,281
Инструкция находить четко космос триста салон.,2011-10-24,4172321918336,Science,2.6,519,894,142
Природа помолчать наткнуться какой экзамен умирать сынок.,1979-08-21,7798094092667,Fiction,1.9,97,17,825
Налево строительство намерение ягода прошептать пробовать.,1965-11-09,2251821403706,Science,2.1,495,389,429
Валюта космос ботинок выраженный природа вытаскивать.,2009-01-26,8712277277617,Biography,3.5,862,438,96
Командование спичка нож миллиард.,1974-02-20,8499517259532,Fiction,0.9,470,92,607
Головной господь торопливый рай достоинство ложиться неправда стакан.,1990-07-23,9532779552970,Science,0.7,966,990,451
Пространство гулять через.,1958-05-01,3203956744680,Non-fiction,1.1,148,697,430
Монета табак.,2001-06-02,6657231997792,Non-fiction,3.2,99,656,556
Развитый премьера команда мотоцикл невыносимый снимать расстегнуть.,1974-10-31,2812481880516,Fiction,0.2,874,799,833
Военный факультет скрытый рассуждение теория передо реклама.,2009-07-03,8047703629220,Non-fiction,0.8,131,264,663
Угол невозможно посидеть.,1970-04-10,1372665101315,Fiction,0.8,881,938,3
Сохранять уничтожение цвет намерение способ.,2002-05-06,4628747718481,Biography,3.4,116,792,188
Дыхание похороны устройство растеряться табак самостоятельно.,1974-06-15,2183394904655,Non-fiction,1.6,550,344,220
Терапия штаб даль покинуть.,1997-05-29,7246542016151,Fiction,3.0,710,456,527
Слать аж выражение спалить передо пламя.,1995-10-30,2712190295863,History,4.6,545,541,754
Необычный постоянный горький нажать засунуть сынок.,2012-02-07,6495474097571,Non-fiction,3.8,225,112,727
Ведь эффект упор проход мотоцикл.,1996-10-02,4258006154216,Biography,3.9,257,322,743
Четыре валюта.,2019-02-09,1027724585238,Biography,4.7,733,830,100
Пропаганда девка жестокий одиннадцать оборот падаль.,2016-05-26,2557396497000,Biography,5.0,791,368,154
Непривычный миг набор пространство сравнение.,1985-02-14,1705487817051,Fiction,1.7,164,637,599
Тысяча армейский коробка.,1965-12-14,5190344118781,History,2.9,16,642,537
Трясти вывести адвокат.,2000-04-18,3718849380386,Non-fiction,4.6,79,449,857
Художественный болото назначить головка пересечь.,1963-05-18,2442687122870,Biography,1.3,828,976,207
Равнодушный выразить народ опасность рассуждение отдел доставать.,2011-12-07,3214254247041,Biography,2.0,4,626,623
Построить сравнение что видимо запустить художественный.,1963-02-28,2517140581663,Non-fiction,1.0,858,794,954
Выраженный пересечь коллектив какой посидеть горький рота манера запретить кожа.,2008-07-13,7639673643039,Non-fiction,3.1,175,889,217
Некоторый лететь лететь.,1976-01-12,7306886951945,Non-fiction,4.8,389,251,105
Избегать доставать головной господь кидать ботинок.,2006-03-14,6298863105476,Science,4.4,206,727,49
Солнце пасть гулять приходить изображать четыре.,2010-04-02,4652324511219,Science,1.5,608,761,451
Плавно граница термин банда.,1960-11-29,6542141045047,Fiction,2.8,91,258,60
Ручей ход даль неудобно механический костер предоставить ребятишки жестокий.,2014-12-21,2166824143916,Science,2.6,237,134,752
Интернет единый коммунизм оборот.,1968-12-10,3558485509158,History,2.9,344,261,504
Войти потрясти коробка возможно угол нажать.,1997-01-10,2210426601048,History,0.7,229,307,525
Мимо пропадать мотоцикл.,2004-07-15,9992448499606,Fiction,4.8,973,667,336
Выражение холодно пропасть вообще даль запретить танцевать кузнец.,2016-07-21,4002619709951,Science,2.7,817,184,101
Ремень салон манера.,1961-04-11,8624103100073,Fiction,1.2,347,781,494
Висеть коллектив прошептать около возникновение о перебивать.,1955-06-21,7823817921235,History,3.4,733,239,693
Уронить наступать степь умирать ручей каюта.,2019-08-04,1351890072729,History,4.3,52,37,472
Триста соответствие крутой правый мелочь трясти академик куча.,1978-12-01,3771270358346,Non-fiction,4.0,827,509,677
Отметить подземный оборот.,2014-05-27,8129800144127,Non-fiction,4.5,329,192,940
Тревога военный провинция граница собеседник банда пересечь пища цель.,2021-01-08,4184890972249,Science,1.7,39,766,106
Витрина головка монета достоинство уничтожение падать страсть полностью пламя.,1966-04-04,5881038539661,Non-fiction,4.3,200,276,276
Вывести монета войти.,2020-12-24,6711253439550,History,1.0,240,225,390
Легко порядок выраженный.,2024-07-08,5405654113688,Biography,1.4,234,500,930
Пространство плавно освобождение успокоиться дьявол желание печатать.,1969-04-05,3161947580570,Non-fiction,1.3,707,147,493
Недостаток сустав.,1994-08-11,6134397336471,Non-fiction,2.3,396,975,253
Реклама.,1965-12-07,4913629334724,Fiction,1.2,657,775,897
Приятель редактор ленинград правый.,1960-10-25,7648722771877,Biography,4.1,974,384,215
Гулять понятный приятель тесно разнообразный появление.,1968-04-12,9073968427747,History,4.7,756,299,532
Через изменение о печатать покидать.,1986-08-01,5390341916149,History,2.1,929,394,825
Тяжелый степь господь сомнительный.,1985-11-27,8335596820400,History,1.0,590,379,516
Задрать непривычный трясти бровь.,1971-07-25,1305975297924,Science,2.9,8,78,359
Падаль налево тревога наслаждение ученый.,1981-05-13,3778672631807,Science,0.9,578,779,209
Дремать присесть волк приличный песня июнь.,1956-11-04,2877925577044,Non-fiction,4.6,703,102,356
Зачем присесть триста исследование.,2012-10-17,2791532407813,Non-fiction,3.7,592,953,115
Выражение приходить провинция тесно.,2007-03-02,7466342903003,Science,0.4,771,222,519
Госпожа теория песенка умирать.,2022-07-23,6891823626578,Science,0.7,528,193,880
Проход отъезд.,1996-05-05,7221711447344,History,1.2,226,217,208
Банда район четко степь магазин.,1986-11-30,5985747690042,Science,2.2,424,234,13
Угол набор миг да.,2012-10-13,5693527814255,Science,1.4,491,715,991
Самостоятельно функция выразить пол даль терапия.,1985-01-15,4243552918524,Biography,3.1,840,446,228
Деловой провинция уронить палка один.,1975-04-21,7043403230411,Science,0.7,770,640,12
Новый решетка нож коричневый рассуждение настать умирать господь.,1996-08-14,7408187553116,History,0.9,708,650,174
Вскинуть через.,1963-10-26,4153921875829,Fiction,3.4,200,622,513
Запеть заработать привлекать социалистический.,1982-11-20,1110744389398,Science,4.3,783,410,21
Достоинство спорт инструкция рота.,2006-11-09,6873819443619,Biography,4.8,294,511,758
Нервно низкий природа лиловый.,2023-04-22,3022367599123,Science,1.7,588,48,239
Разуметься горький потом доставать идея.,1962-08-15,3663813105981,Non-fiction,1.0,603,373,609
Недостаток появление приличный спичка.,1965-09-06,1718398338402,Biography,2.6,925,206,251
Поговорить поезд.,2024-09-04,7484097345844,Science,1.9,883,269,519
Монета изредка исполнять.,2014-04-24,8778210061926,Biography,0.8,348,884,963
Угроза бок заплакать тяжелый редактор предоставить отметить добиться танцевать пол.,1975-01-18,9488587898149,Biography,4.9,730,525,779
Эффект дошлый назначить военный проход потом ведь.,1965-06-03,5563376567065,Non-fiction,4.4,847,435,353
Провал совещание пастух строительство цвет.,1986-06-28,6193269707089,History,4.5,156,857,272
Свежий очередной легко запустить столетие построить.,2005-05-01,3720638035855,Biography,4.8,622,471,608
Неудобно песенка ягода песня полюбить рот цвет одиннадцать.,1995-05-06,2919328890561,Non-fiction,0.4,791,766,414
Секунда самостоятельно головка освобождение второй.,1981-01-13,2047249267118,Non-fiction,4.8,882,847,884
Результат дружно.,1991-04-12,4875253530279,History,1.9,490,436,985
Тесно металл витрина левый собеседник.,2024-12-02,8843802445690,Fiction,1.9,629,861,394
Банк бетонный металл горький салон госпожа исследование.,1993-02-12,2170745468990,Science,2.0,625,673,206
Мелькнуть выраженный бабочка назначить факультет полностью один серьезный.,1971-04-25,3972864940623,Non-fiction,4.8,116,811,890
Бок горький степь свежий неправда ремень.,1965-12-13,7121041335295,History,1.9,982,297,7
Секунда указанный кузнец голубчик тусклый премьера.,1996-07-19,6275467614140,Science,4.8,390,654,221
Шлем торговля.,1993-01-13,1799550905090,Biography,2.7,439,91,742
Мусор потом постоянный.,2018-01-20,6788880705554,Biography,0.5,899,269,281
Песенка эффект выдержать.,1975-10-18,4322637768689,History,4.7,702,149,880
Кузнец спичка ныне услать хлеб оборот рис.,1968-09-26,1023247074509,Biography,3.7,947,467,197
Выкинуть помолчать магазин поколение дрогнуть плавно запеть.,1984-06-24,1284364514391,Science,3.4,24,170,242
Забирать болото ручей.,1954-03-21,9455022135988,Non-fiction,0.6,514,929,7
Присесть следовательно проход.,1967-10-16,6444164933269,Non-fiction,4.8,214,278,374
Протягивать роса услать проход.,2010-03-06,8869066655168,Fiction,1.0,784,957,621
Академик покидать миф.,1954-05-20,2061759039458,History,3.7,956,422,559
Зима прошептать вытаскивать полоска ягода костер.,1973-01-17,4072714159749,Fiction,2.6,592,485,982
Мимо бабочка равнодушный единый темнеть.,2016-03-28,3081776370785,History,4.1,69,356,264
Инфекция госпожа второй счастье.,2013-01-20,9760285946165,Non-fiction,3.2,516,885,562
Ботинок кпсс пространство.,1955-02-08,5856129072538,Fiction,1.2,645,986,831
Слишком зато сверкать угодный крыса выкинуть палата ход.,1996-05-13,9161481463215,Non-fiction,2.2,729,411,463
Редактор виднеться иной добиться кожа степь жестокий идея.,1964-12-26,8358995678588,Biography,4.5,774,78,953
Песенка плавно коробка торговля более смелый самостоятельно сверкающий банк полюбить.,1964-07-22,3125929943334,History,0.1,146,642,779
Протягивать солнце намерение запеть печатать солнце блин.,1972-09-29,6590418292974,Biography,0.1,151,973,808
Багровый табак витрина мягкий домашний способ вчера ребятишки.,1999-12-25,8884972877434,Biography,4.2,51,748,185
Табак военный художественный песня новый монета бровь растеряться.,1962-10-24,8614723033858,Science,0.8,997,482,252
Расстегнуть вскинуть тысяча спорт коричневый неправда невыносимый порядок неожиданно.,1978-03-14,8875637830067,History,2.5,948,48,789
Сынок за что потянуться.,1967-09-19,5067786371904,Biography,3.5,886,885,563
Заплакать солнце ленинград настать разуметься командир горький решетка.,1988-12-23,2192775960529,Fiction,3.4,392,633,691
Дошлый кузнец картинка правый.,1969-06-08,1357201059378,Fiction,0.7,436,315,761
Правильный пропадать цепочка одиннадцать крыса угодный.,1962-02-18,2569539858458,Science,2.2,258,334,199
Поезд приличный естественный адвокат инфекция.,2002-10-14,2535922408675,Fiction,3.0,392,707,777
Волк набор построить вскакивать светило набор мусор рота.,2017-02-24,5226283589338,Science,1.5,433,625,471
Интернет а дурацкий чем через вперед.,1960-03-22,6295450948176,Biography,3.4,407,660,16
Угол столетие порог.,1978-05-25,5623506233588,Science,3.0,934,987,541
Торопливый премьера карандаш радость привлекать.,1956-05-02,8950765046212,Non-fiction,1.7,581,842,117
Налоговый правление выразить рота плясать.,1978-09-06,8393106584409,Biography,4.1,232,68,827
Экзамен грудь зачем.,1987-03-31,1328061271999,Biography,1.8,869,328,328
Пища нервно непривычный.,1989-05-26,3870201287221,Science,1.5,490,834,554
Мелочь господь.,2017-10-22,2739347586885,Biography,1.9,700,536,13
Исполнять человечек команда палка сынок сынок плясать.,1981-07-07,4056611932169,Science,4.7,414,72,703
Бригада головка число упор наткнуться передо.,1963-02-21,4937425147479,Fiction,1.2,734,625,789
Да актриса избегать запустить вывести факультет кидать.,1994-09-04,8320348200236,Biography,0.2,208,723,311
Один потрясти.,1981-01-29,2311269514962,Fiction,0.8,808,670,631
Карман вперед тута висеть вряд.,1965-07-15,1172397475685,Science,1.3,158,994,294
Анализ деловой пробовать налево написать.,1972-01-19,5861979091401,Fiction,0.5,786,712,26
Коричневый коричневый число.,2001-02-07,9363886772209,Biography,3.9,133,732,869
Порог сходить полоска пламя крыса за заплакать пасть очко.,1969-11-26,4931316187598,Non-fiction,4.3,260,44,837
Выраженный чем что свежий поезд поймать.,1954-12-03,1626572612832,Science,1.3,828,80,144
Хлеб о поколение природа сустав возбуждение.,1955-02-20,8372666804994,History,4.9,63,207,977
Плод инфекция ломать солнце услать парень.,1969-02-17,3390366758448,Biography,4.6,890,104,21
Трясти полюбить развернуться ложиться.,1989-10-12,2412794273706,Fiction,0.4,627,961,417
Что уничтожение витрина палец вообще.,1984-07-17,5998234759358,Fiction,0.2,790,572,73
Военный порт тысяча.,2000-01-01,9530682536759,Science,1.2,300,599,554
Домашний бочок выраженный аж.,2001-02-13,6963918133133,Fiction,3.4,274,27,168
Расстройство славный госпожа остановить нервно.,1990-05-05,8981386551203,Science,3.5,736,140,568
Крутой задержать труп тревога висеть слишком.,1998-09-26,1477829487617,Non-fiction,3.8,990,821,646
Космос радость.,1970-02-05,1426941022224,Non-fiction,1.2,598,583,243
Некоторый мимо направо покинуть дрогнуть.,2019-08-10,1912812726201,Non-fiction,0.6,53,590,671
Реклама ремень цепочка хлеб плавно граница.,1960-02-02,6696978823687,Biography,4.9,259,942,195
Невыносимый шлем выкинуть.,1994-03-28,9497142008803,History,2.4,974,258,633
Функция недостаток юный.,2017-11-11,4545997896988,History,0.6,88,454,473
Господь угроза цвет нервно.,1991-01-14,8405419390682,Non-fiction,1.4,150,390,214
Ленинград школьный интеллектуальный спешить четко соответствие близко опасность.,2015-07-26,8950166514383,Science,4.4,357,944,881
Народ солнце упор кольцо потянуться.,2007-02-28,7342736671013,Fiction,4.5,982,495,40
Князь назначить салон бочок миллиард песенка угодный.,2009-04-09,7597285865971,Fiction,4.6,163,308,680
Социалистический терапия.,2014-08-05,1497255881892,Science,0.1,170,429,179
Ремень рай горький развитый.,1990-07-12,2987019523827,Biography,3.5,435,22,65
Деловой некоторый металл инструкция.,1980-06-05,1099772840883,Non-fiction,1.9,308,122,462
Аллея уронить кпсс.,2011-06-08,4310070501120,Science,2.7,425,906,851
Деловой ремень инвалид.,1991-08-31,3153836444556,Fiction,3.5,435,514,795
Художественный отдел.,1982-03-16,1938386690366,History,1.2,127,464,583
Скрытый палата направо следовательно очутиться падаль горький настать мягкий.,2018-06-18,8142485694240,Fiction,3.3,360,583,435
Командующий покидать вскакивать смертельный табак.,1960-09-25,9664026844225,Science,3.6,401,286,278
Упор а зима головка.,1991-04-05,7135066559014,Fiction,0.5,811,72,552
Мучительно валюта плод редактор беспомощный.,1971-05-24,5505662475025,History,1.6,711,777,123
Выраженный хлеб торопливый деньги ягода горький порядок актриса.,2018-09-05,5514561518337,Fiction,0.6,20,938,792
Пастух вперед.,1979-05-31,1263825106113,Non-fiction,2.6,346,231,881
Место палата за возможно ответить.,1985-06-13,7239158846707,Non-fiction,1.0,847,587,736
Манера отъезд.,1996-10-15,4357888242095,Non-fiction,3.5,697,357,770
Новый место снимать тревога низкий танцевать.,1968-05-13,3796135990862,Fiction,3.1,320,283,328
Строительство белье жестокий вскакивать пища сутки господь роса.,2005-04-29,5451223846425,Biography,0.0,711,965,739
Иной решение сомнительный приятель число пасть.,1958-11-23,4548770603948,Science,4.0,353,599,903
Эпоха приличный слишком товар означать промолчать нажать иной.,1964-05-27,7075686225526,Science,3.4,571,930,271
Магазин космос пасть присесть.,2012-07-03,6417783571734,Science,2.0,305,568,485
Миллиард господь означать заработать белье передо посвятить.,1974-01-17,5663213734909,Fiction,1.2,116,77,971
Полностью степь карман.,2021-02-21,3620636393852,Science,2.8,674,514,672
Спорт вряд.,2024-07-28,1725459295552,History,4.7,805,262,25
Ломать другой пробовать еврейский рабочий успокоиться.,2011-01-13,4068267895052,Science,2.4,501,476,173
Поезд о славный господь место бабочка свежий подробность юный.,1990-10-19,2566513773462,Fiction,3.0,638,674,437
Недостаток смеяться ставить.,1992-04-17,3764017356470,Biography,3.2,69,782,793
Ягода около что сбросить построить бетонный.,2024-08-10,7531132098724,Fiction,1.7,231,111,493
Ученый находить разводить пропасть дремать кольцо князь.,2021-08-13,9601526789263,Science,0.7,524,525,540
Радость уточнить мучительно товар набор набор протягивать мелочь посидеть.,1977-03-03,7817525721795,History,4.0,431,775,819
Покидать исполнять торопливый серьезный.,1976-06-20,1167661607549,History,1.0,255,953,532
Развернуться очко успокоиться полевой.,1976-09-06,5483142928314,Biography,1.4,647,289,24
Манера неожиданный тута монета зима оборот крутой.,1995-09-08,9748846777376,Science,1.2,375,770,431
Мрачно запеть заложить.,2006-03-24,8608609358544,Biography,4.7,225,18,254
Наткнуться неправда указанный миллиард волк прежде лететь написать.,1972-09-19,2280136651764,Biography,2.2,784,26,130
Мусор командование запеть призыв эффект появление горький встать.,1979-05-31,5179839879018,Biography,1.9,829,113,898
Недостаток ленинград подземный руководитель.,1971-01-18,2342319941336,Biography,4.6,73,963,243
Подземный изображать возбуждение.,2022-05-28,7224102731525,Biography,4.8,179,835,785
Советовать лететь свежий мера сомнительный основание порт.,2007-05-24,7144389470471,Fiction,3.4,442,342,562
Угол разводить монета появление обида необычный вообще виднеться.,1974-12-22,6683143765083,Science,1.8,202,420,316
Прощение висеть что уничтожение хлеб выкинуть кольцо аж.,1985-09-15,5595509549411,Non-fiction,0.7,366,63,310
Монета вообще банк.,1985-09-30,3053408639601,Non-fiction,1.3,607,535,465
Снимать академик адвокат поговорить роскошный.,2011-03-09,8858830089067,Non-fiction,2.8,325,181,954
Упор тюрьма очередной ход.,1987-07-30,2195513605332,Fiction,5.0,966,703,719
Банда возникновение вчера еврейский.,1983-06-30,7600277324090,Fiction,3.4,546,901,850
Выраженный поговорить рабочий функция теория привлекать.,1985-01-19,7001463204231,History,4.7,81,590,208
Лапа человечек интеллектуальный бочок.,1989-05-21,6153089210187,Science,4.5,82,570,117
Сутки решетка деловой слишком.,1976-08-05,5793776583181,Biography,2.2,990,693,264
Уничтожение пространство скользить выгнать цепочка жестокий низкий совет около табак.,2020-09-29,5809410353359,Fiction,0.2,720,831,208
Оставить крутой бригада некоторый решение поговорить миг манера.,1968-03-31,3567306828917,Fiction,1.0,187,615,692
Подробность угодный более народ сынок слишком число.,1962-12-07,5711599054142,Fiction,2.1,958,676,17
Дьявол салон.,1986-06-29,2105019325373,History,3.7,36,168,528
Посвятить сходить.,2015-04-14,5329533986013,Biography,2.1,599,108,753
Карандаш приходить триста бровь прелесть устройство висеть разнообразный.,2004-11-26,6425321415526,Non-fiction,1.4,792,179,972
Самостоятельно лиловый передо ученый посвятить дьявол пламя карандаш.,1984-04-07,8834511189367,Biography,2.5,963,819,536
Возможно успокоиться тревога руководитель дрогнуть.,2017-12-29,7202337095531,History,1.0,149,20,807
Пятеро избегать появление.,2006-03-08,1767769943100,Non-fiction,0.5,296,197,732
Помимо остановить неправда сынок поздравлять спорт.,1999-10-07,4669224015784,Non-fiction,0.3,901,616,752
Легко костер недостаток ставить сходить пастух настать.,2017-08-15,3071321108631,History,4.6,512,204,965
Интернет новый уничтожение труп сопровождаться бегать мусор.,1978-05-13,4511411850484,Non-fiction,4.3,6,352,612
Выгнать сверкающий дыхание изображать необычный.,1985-05-21,8665530784908,Fiction,1.8,338,252,342
Нервно войти достоинство иной привлекать прелесть сутки приличный.,1972-06-18,8495983329723,Science,0.9,659,98,644
Триста рота приятель чувство очко.,2012-09-10,6255718628024,History,3.6,755,394,288
Призыв песенка ведь что упорно налоговый.,1971-06-17,3169885355883,Non-fiction,3.5,591,34,870
Демократия подземный правый дьявол.,2001-10-27,5490398271937,Non-fiction,1.6,489,279,951
Изба мальчишка передо район кидать наступать находить плод зима.,1988-02-09,3878323766469,Science,4.2,752,806,189
Подземный штаб механический посвятить исполнять процесс дружно собеседник исполнять засунуть.,2012-06-16,9906958111484,Biography,4.1,472,434,602
Упорно сынок правый банда второй.,1957-06-29,1245082224334,History,4.3,434,690,721
Полностью поколение темнеть скользить возбуждение отражение заведение.,2000-09-20,6795467257968,Fiction,3.4,590,139,461
Мотоцикл покидать результат.,2017-11-01,2997123934870,Fiction,3.5,607,562,859
Горький.,1958-09-07,8199431168018,Fiction,1.9,515,5,855
Решение уронить сохранять.,2019-01-11,7586054053301,Science,4.7,453,906,843
Бак увеличиваться цвет.,1999-05-14,2624333104577,Science,2.4,213,657,771
Отдел вчера пространство ручей провал карандаш.,1959-04-30,3957842283275,History,2.3,842,60,652
Что домашний одиннадцать доставать.,1989-04-18,9838520324459,Fiction,2.7,203,56,536
Уточнить применяться теория пастух а.,1955-10-26,4763201080407,Science,4.3,817,589,843
Умирать разнообразный порт оставить подробность выгнать.,2008-04-12,9527355862894,Fiction,4.7,365,802,800
Разуметься потянуться белье наступать вытаскивать.,1984-02-15,3629713173915,Non-fiction,4.2,991,950,371
Полностью мусор умирать ягода вперед.,2009-04-30,4702524382516,Fiction,4.3,55,858,724
Каюта угроза разнообразный лиловый возникновение советовать строительство июнь жить пол.,1986-11-17,7023604643177,Fiction,0.1,602,589,608
Картинка школьный приходить рассуждение.,1996-09-22,5713904249573,Biography,1.6,676,143,910
Отражение отдел скрытый некоторый конструкция космос.,1963-01-03,4802221244955,Biography,3.0,165,811,269
Возбуждение крыса запустить тюрьма.,2003-11-19,8839559872247,Fiction,0.4,992,298,722
Космос о витрина человечек прежний скрытый картинка необычный вперед.,1990-02-11,3521693719015,History,1.8,438,337,343
Кузнец висеть бочок.,1989-03-18,6544161518151,History,1.2,427,217,983
Правый вывести скользить угодный отдел ложиться мгновение поймать иной спорт.,1972-10-18,4219007970662,Fiction,3.8,702,986,601
Роскошный свежий возбуждение сустав предоставить исследование миллиард социалистический.,1986-04-09,6141127744068,Biography,1.5,432,538,61
Вариант падать невозможно сопровождаться сомнительный.,1957-05-19,7081477431188,Biography,4.5,690,932,440
Грустный дорогой столетие угол славный заведение вывести видимо зато.,1964-06-02,8472149899788,Biography,3.7,855,379,895
Космос вчера вряд забирать.,1973-08-24,7160463093116,Non-fiction,3.5,208,221,28
Адвокат эпоха бетонный.,1978-02-27,5139075771942,History,4.6,950,97,49
Пища рассуждение манера спорт.,1971-05-17,8894052753796,Science,4.3,13,75,800
Советовать торопливый гулять.,2001-10-27,9799351843878,Science,3.5,861,687,558
Холодно июнь.,1986-02-13,5752219001355,Fiction,1.9,983,910,849
Уничтожение смеяться радость рай близко.,1958-12-08,8016737312516,Biography,4.9,168,420,934
Ночь казнь выраженный цепочка школьный.,1978-06-07,6740511548137,Science,1.6,322,625,663
Спешить человечек да.,1958-10-06,6406718295519,Fiction,0.4,409,22,309
Выгнать пол выкинуть печатать.,1975-07-13,3172275180306,History,2.1,466,982,756
Художественный добиться невозможно конференция.,1972-02-29,9478934668925,History,2.5,624,295,102
Наткнуться функция конференция скользить низкий демократия покидать близко умирать.,2004-12-28,6956143820844,Science,3.6,183,846,784
Торопливый возбуждение непривычный тусклый господь развитый умолять.,1965-12-05,4828165621970,History,1.1,130,346,492
Правление кожа чем ленинград протягивать поезд.,1980-07-09,8051264147028,History,1.8,733,55,350
Командующий виднеться невыносимый мальчишка район остановить трясти один покидать.,2008-01-14,1796481355303,Fiction,1.3,616,208,699
Дремать вытаскивать аллея куча низкий похороны еврейский.,1954-03-18,8981903902430,Non-fiction,2.7,40,661,208
Ленинград ночь горький полоска перебивать.,1997-03-06,6611089890062,Non-fiction,2.4,554,937,821
Опасность подробность провал.,1970-01-17,3260660517081,Biography,1.9,922,832,676
Белье мусор виднеться.,1978-03-25,6727558355477,History,4.7,432,317,595
Ярко миг.,1998-03-06,8562640167684,Science,2.8,287,612,511
Выдержать.,2009-02-23,9603495807031,Non-fiction,2.5,916,795,299
Смелый райком вздрагивать.,1973-01-26,8538669930795,Non-fiction,0.5,502,469,673
Услать салон торговля выдержать хотеть.,1958-04-04,1842709977091,Fiction,3.0,769,214,154
Умолять собеседник ночь да.,1983-11-11,1172143450276,Non-fiction,3.0,624,278,903
Протягивать деньги деловой легко.,1964-08-22,7700103530768,Biography,0.6,409,746,33
Головка бочок запретить пастух.,2020-02-23,3290537230819,Non-fiction,1.8,807,978,694
Полностью близко невыносимый монета подземный металл.,2009-10-10,4704945857701,Fiction,1.9,996,492,736
Степь художественный поздравлять при.,2007-10-10,5067001926074,Non-fiction,4.3,470,746,864
Дрогнуть цепочка означать построить плавно.,2012-02-14,2891036439798,Non-fiction,2.3,197,249,491
Солнце угроза уточнить.,1980-06-28,1067665323956,Fiction,0.1,47,996,786
Монета соответствие сходить помимо радость невозможно второй.,2012-10-12,1148475162380,History,0.3,667,41,478
Степь кузнец.,1982-06-04,2340947716899,Fiction,2.5,722,713,371
Лететь точно гулять секунда.,2004-01-10,7195474795973,Non-fiction,3.0,366,43,737
Пространство роскошный свежий беспомощный деловой упор.,1970-01-24,8176487368734,Fiction,3.8,530,42,716
Зачем выраженный куча.,1962-07-21,7076420449853,Science,2.5,466,784,375
За армейский степь назначить.,1963-02-11,9983960308631,Biography,3.5,552,174,180
Приятель расстройство потом основание рот спорт достоинство сустав.,1995-10-28,1655391384496,Biography,1.5,530,858,261
Жестокий выкинуть ребятишки отметить увеличиваться картинка шлем.,1957-08-05,9452042100749,Fiction,0.9,395,690,241
Следовательно полоска неправда добиться гулять.,2002-02-25,6154715208524,Science,2.8,212,348,660
Вариант пасть.,1986-12-13,7992823846815,Science,3.6,583,475,564
Покидать угол манера термин.,2018-03-15,1738681966013,Biography,2.1,243,908,328
Еврейский столетие командир холодно.,1995-11-29,1837865539457,Biography,2.5,579,603,896
Низкий ломать развитый применяться.,2003-07-17,6649622472533,Fiction,1.8,497,648,394
Товар покидать.,2001-12-27,3561808293037,Fiction,0.9,264,922,899
Естественный дурацкий казнь заведение гулять поезд пятеро мальчишка армейский.,1956-04-20,5485154161159,Non-fiction,3.3,355,50,122
Лиловый выкинуть.,1986-01-13,8191821161865,Science,0.3,350,693,130
Полюбить домашний столетие выраженный кпсс достоинство хотеть ломать назначить поздравлять угодный.,2000-03-03,6469803663651,Fiction,2.5,949,466,697
Мелькнуть легко пространство.,2009-12-03,1765627315123,Biography,3.3,995,946,423
Выраженный каюта.,1987-01-04,5994941515890,Biography,2.2,479,776,974
Степь висеть академик ручей.,1965-07-26,6197238216642,History,0.3,536,447,333
Рот уронить эффект засунуть носок следовательно видимо.,1998-09-19,9174811179135,Biography,2.0,418,140,147
Пропаганда разнообразный тревога цвет четыре подробность.,2004-01-23,7366896367379,Non-fiction,0.5,644,18,214
Ход строительство секунда сустав девка точно висеть упорно.,1980-03-25,6723926770855,History,1.1,494,2,658
Точно правый место труп роса легко.,1959-11-07,7643079848136,Biography,1.1,311,513,352
Новый выражаться скользить.,2014-03-20,7007554417719,History,1.4,178,142,397
Задрать ярко слать решетка функция применяться.,2006-11-17,2987600995206,Biography,4.7,115,149,952
Дальний дальний материя прежний дошлый приятель лапа желание.,2007-10-20,5315645284381,Biography,0.3,990,298,476
Бочок нервно порядок заведение о нож.,2004-02-05,3372745327431,Biography,4.5,984,739,228
Виднеться исполнять.,2021-10-06,9122091950565,History,4.9,503,502,381
Изредка радость привлекать.,2012-04-27,6223032614682,Non-fiction,4.6,401,455,962
Кузнец наткнуться тусклый научить.,1957-09-02,1002826586317,Non-fiction,0.5,362,21,309
Протягивать равнодушный плясать направо вперед.,2018-09-12,7184907067429,Science,4.8,41,964,571
Багровый смелый фонарик сустав даль прошептать светило.,1969-03-05,4305731065945,Biography,2.1,649,904,568
Способ кпсс падать очко зато цепочка слишком.,1973-04-24,6122264811567,History,1.9,887,136,745
Инструкция социалистический издали командование умолять скрытый художественный висеть возникновение.,1960-01-04,8469252521260,Biography,1.3,167,725,785
Мгновение иной грудь.,1980-11-09,9156694031275,Non-fiction,3.3,515,875,13
Медицина провал.,1996-01-18,7512493283885,History,2.1,672,495,147
Дошлый художественный увеличиваться.,1994-09-25,4229154664183,Science,1.0,541,203,263
Правый изба премьера запретить плясать.,2012-12-11,7160949244378,Fiction,3.3,343,481,240
Лететь парень командование дьявол промолчать пространство костер миф.,1992-06-12,3217967769654,Biography,1.2,611,140,564
Инфекция выраженный заработать.,2020-09-10,6649136019933,History,2.3,517,551,174
Дальний трубка покидать.,1982-12-26,3014715886195,Non-fiction,3.0,291,490,967
А невозможно изредка.,1973-09-24,5083371932909,Biography,2.3,77,401,238
Задрать спешить пища отъезд.,2005-08-29,5354547432830,Non-fiction,2.5,528,560,27
Монета бегать смертельный налоговый тревога.,1956-08-28,4323847335386,Non-fiction,2.5,622,121,921
Очко порог идея.,1996-02-17,5858242538536,Biography,4.7,992,185,877
Рабочий палец плод очко о медицина бегать.,2004-03-11,2503039200487,Non-fiction,2.1,233,572,378
